tiempo_s,x_m,y_m,phi_rad,waypoint_idx,estado,dist_wp_m,dist_recorrida_m
0.032,-0.68,-0.6,1.5708,1,AVANZAR,0.0,0.0
0.064,-0.68,-0.6,1.5708,1,AVANZAR,0.88,0.0
0.096,-0.68,-0.59807,1.5708,1,AVANZAR,0.87807,0.00193
0.128,-0.68,-0.59614,1.5708,1,AVANZAR,0.87614,0.00386
0.16,-0.68,-0.59421,1.5708,1,AVANZAR,0.87421,0.00579
0.192,-0.68,-0.59228,1.5708,1,AVANZAR,0.87228,0.00772
0.224,-0.68,-0.59034,1.5708,1,AVANZAR,0.87034,0.00966
0.256,-0.68,-0.58854,1.5708,1,AVANZAR,0.86854,0.01146
0.288,-0.68,-0.58661,1.5708,1,AVANZAR,0.86661,0.01339
0.32,-0.68,-0.58468,1.5708,1,AVANZAR,0.86468,0.01532
0.352,-0.68,-0.58275,1.5708,1,AVANZAR,0.86275,0.01725
0.384,-0.68,-0.58082,1.5708,1,AVANZAR,0.86082,0.01918
0.416,-0.68,-0.57889,1.5708,1,AVANZAR,0.85889,0.02111
0.448,-0.68,-0.57696,1.5708,1,AVANZAR,0.85696,0.02304
0.48,-0.68,-0.57502,1.5708,1,AVANZAR,0.85502,0.02498
0.512,-0.68,-0.57309,1.5708,1,AVANZAR,0.85309,0.02691
0.544,-0.68,-0.57116,1.5708,1,AVANZAR,0.85116,0.02884
0.576,-0.68,-0.56936,1.5708,1,AVANZAR,0.84936,0.03064
0.608,-0.68,-0.56743,1.5708,1,AVANZAR,0.84743,0.03257
0.64,-0.68,-0.5655,1.5708,1,AVANZAR,0.8455,0.0345
0.672,-0.68,-0.56357,1.5708,1,AVANZAR,0.84357,0.03643
0.704,-0.68,-0.56164,1.5708,1,AVANZAR,0.84164,0.03836
0.736,-0.68,-0.5597,1.5708,1,AVANZAR,0.8397,0.0403
0.768,-0.68,-0.55777,1.5708,1,AVANZAR,0.83777,0.04223
0.8,-0.68,-0.55584,1.5708,1,AVANZAR,0.83584,0.04416
0.832,-0.68,-0.55391,1.5708,1,AVANZAR,0.83391,0.04609
0.864,-0.68,-0.55198,1.5708,1,AVANZAR,0.83198,0.04802
0.896,-0.68,-0.55018,1.5708,1,AVANZAR,0.83018,0.04982
0.928,-0.68,-0.54825,1.5708,1,AVANZAR,0.82825,0.05175
0.96,-0.68,-0.54632,1.5708,1,AVANZAR,0.82632,0.05368
0.992,-0.68,-0.54438,1.5708,1,AVANZAR,0.82438,0.05562
1.024,-0.68,-0.54245,1.5708,1,AVANZAR,0.82245,0.05755
1.056,-0.68,-0.54052,1.5708,1,AVANZAR,0.82052,0.05948
1.088,-0.68,-0.53859,1.5708,1,AVANZAR,0.81859,0.06141
1.12,-0.68,-0.53666,1.5708,1,AVANZAR,0.81666,0.06334
1.152,-0.68,-0.53473,1.5708,1,AVANZAR,0.81473,0.06527
1.184,-0.68,-0.5328,1.5708,1,AVANZAR,0.8128,0.0672
1.216,-0.68,-0.531,1.5708,1,AVANZAR,0.811,0.069
1.248,-0.68,-0.52906,1.5708,1,AVANZAR,0.80906,0.07094
1.28,-0.68,-0.52713,1.5708,1,AVANZAR,0.80713,0.07287
1.312,-0.68,-0.5252,1.5708,1,AVANZAR,0.8052,0.0748
1.344,-0.68,-0.52327,1.5708,1,AVANZAR,0.80327,0.07673
1.376,-0.68,-0.52134,1.5708,1,AVANZAR,0.80134,0.07866
1.408,-0.68,-0.51941,1.5708,1,AVANZAR,0.79941,0.08059
1.44,-0.68,-0.51748,1.5708,1,AVANZAR,0.79748,0.08252
1.472,-0.68,-0.51555,1.5708,1,AVANZAR,0.79555,0.08445
1.504,-0.68,-0.51362,1.5708,1,AVANZAR,0.79362,0.08638
1.536,-0.68,-0.51168,1.5708,1,AVANZAR,0.79168,0.08832
1.568,-0.68,-0.50988,1.5708,1,AVANZAR,0.78988,0.09012
1.6,-0.68,-0.50795,1.5708,1,AVANZAR,0.78795,0.09205
1.632,-0.68,-0.50602,1.5708,1,AVANZAR,0.78602,0.09398
1.664,-0.68,-0.50409,1.5708,1,AVANZAR,0.78409,0.09591
1.696,-0.68,-0.50216,1.5708,1,AVANZAR,0.78216,0.09784
1.728,-0.68,-0.50023,1.5708,1,AVANZAR,0.78023,0.09977
1.76,-0.68,-0.4983,1.5708,1,AVANZAR,0.7783,0.1017
1.792,-0.68,-0.49636,1.5708,1,AVANZAR,0.77636,0.10364
1.824,-0.68,-0.49443,1.5708,1,AVANZAR,0.77443,0.10557
1.856,-0.68,-0.4925,1.5708,1,AVANZAR,0.7725,0.1075
1.888,-0.68,-0.4907,1.5708,1,AVANZAR,0.7707,0.1093
1.92,-0.68,-0.48877,1.5708,1,AVANZAR,0.76877,0.11123
1.952,-0.68,-0.48684,1.5708,1,AVANZAR,0.76684,0.11316
1.984,-0.68,-0.48491,1.5708,1,AVANZAR,0.76491,0.11509
2.016,-0.68,-0.48298,1.5708,1,AVANZAR,0.76298,0.11702
2.048,-0.68,-0.48104,1.5708,1,AVANZAR,0.76104,0.11896
2.08,-0.68,-0.47911,1.5708,1,AVANZAR,0.75911,0.12089
2.112,-0.68,-0.47718,1.5708,1,AVANZAR,0.75718,0.12282
2.144,-0.68,-0.47525,1.5708,1,AVANZAR,0.75525,0.12475
2.176,-0.68,-0.47332,1.5708,1,AVANZAR,0.75332,0.12668
2.208,-0.68,-0.47152,1.5708,1,AVANZAR,0.75152,0.12848
2.24,-0.68,-0.46959,1.5708,1,AVANZAR,0.74959,0.13041
2.272,-0.68,-0.46766,1.5708,1,AVANZAR,0.74766,0.13234
2.304,-0.68,-0.46572,1.5708,1,AVANZAR,0.74572,0.13428
2.336,-0.68,-0.46379,1.5708,1,AVANZAR,0.74379,0.13621
2.368,-0.68,-0.46186,1.5708,1,AVANZAR,0.74186,0.13814
2.4,-0.68,-0.45993,1.5708,1,AVANZAR,0.73993,0.14007
2.432,-0.68,-0.458,1.5708,1,AVANZAR,0.738,0.142
2.464,-0.68,-0.45607,1.5708,1,AVANZAR,0.73607,0.14393
2.496,-0.68,-0.45414,1.5708,1,AVANZAR,0.73414,0.14586
2.528,-0.68,-0.45221,1.5708,1,AVANZAR,0.73221,0.14779
2.56,-0.68,-0.4504,1.5708,1,AVANZAR,0.7304,0.1496
2.592,-0.68,-0.44847,1.5708,1,AVANZAR,0.72847,0.15153
2.624,-0.68,-0.44654,1.5708,1,AVANZAR,0.72654,0.15346
2.656,-0.68,-0.44461,1.5708,1,AVANZAR,0.72461,0.15539
2.688,-0.68,-0.44268,1.5708,1,AVANZAR,0.72268,0.15732
2.72,-0.68,-0.44075,1.5708,1,AVANZAR,0.72075,0.15925
2.752,-0.68,-0.43882,1.5708,1,AVANZAR,0.71882,0.16118
2.784,-0.68,-0.43689,1.5708,1,AVANZAR,0.71689,0.16311
2.816,-0.68,-0.43496,1.5708,1,AVANZAR,0.71496,0.16504
2.848,-0.68,-0.43302,1.5708,1,AVANZAR,0.71302,0.16698
2.88,-0.68,-0.43122,1.5708,1,AVANZAR,0.71122,0.16878
2.912,-0.68,-0.42929,1.5708,1,AVANZAR,0.70929,0.17071
2.944,-0.68,-0.42736,1.5708,1,AVANZAR,0.70736,0.17264
2.976,-0.68,-0.42543,1.5708,1,AVANZAR,0.70543,0.17457
3.008,-0.68,-0.4235,1.5708,1,AVANZAR,0.7035,0.1765
3.04,-0.68,-0.42157,1.5708,1,AVANZAR,0.70157,0.17843
3.072,-0.68,-0.41964,1.5708,1,AVANZAR,0.69964,0.18036
3.104,-0.68,-0.4177,1.5708,1,AVANZAR,0.6977,0.1823
3.136,-0.68,-0.41577,1.5708,1,AVANZAR,0.69577,0.18423
3.168,-0.68,-0.41384,1.5708,1,AVANZAR,0.69384,0.18616
3.2,-0.68,-0.41204,1.5708,1,AVANZAR,0.69204,0.18796
3.232,-0.68,-0.41011,1.5708,1,AVANZAR,0.69011,0.18989
3.264,-0.68,-0.40818,1.5708,1,AVANZAR,0.68818,0.19182
3.296,-0.68,-0.40625,1.5708,1,AVANZAR,0.68625,0.19375
3.328,-0.68,-0.40432,1.5708,1,AVANZAR,0.68432,0.19568
3.36,-0.68,-0.40238,1.5708,1,AVANZAR,0.68238,0.19762
3.392,-0.68,-0.40045,1.5708,1,AVANZAR,0.68045,0.19955
3.424,-0.68,-0.39852,1.5708,1,AVANZAR,0.67852,0.20148
3.456,-0.68,-0.39659,1.5708,1,AVANZAR,0.67659,0.20341
3.488,-0.68,-0.39466,1.5708,1,AVANZAR,0.67466,0.20534
3.52,-0.68,-0.39273,1.5708,1,AVANZAR,0.67273,0.20727
3.552,-0.68,-0.39093,1.5708,1,AVANZAR,0.67093,0.20907
3.584,-0.68,-0.389,1.5708,1,AVANZAR,0.669,0.211
3.616,-0.68,-0.38706,1.5708,1,AVANZAR,0.66706,0.21294
3.648,-0.68,-0.38513,1.5708,1,AVANZAR,0.66513,0.21487
3.68,-0.68,-0.3832,1.5708,1,AVANZAR,0.6632,0.2168
3.712,-0.68,-0.38127,1.5708,1,AVANZAR,0.66127,0.21873
3.744,-0.68,-0.37934,1.5708,1,AVANZAR,0.65934,0.22066
3.776,-0.68,-0.37741,1.5708,1,AVANZAR,0.65741,0.22259
3.808,-0.68,-0.37548,1.5708,1,AVANZAR,0.65548,0.22452
3.84,-0.68,-0.37355,1.5708,1,AVANZAR,0.65355,0.22645
3.872,-0.68,-0.37174,1.5708,1,AVANZAR,0.65174,0.22826
3.904,-0.68,-0.36981,1.5708,1,AVANZAR,0.64981,0.23019
3.936,-0.68,-0.36788,1.5708,1,AVANZAR,0.64788,0.23212
3.968,-0.68,-0.36595,1.5708,1,AVANZAR,0.64595,0.23405
4.0,-0.68,-0.36402,1.5708,1,AVANZAR,0.64402,0.23598
4.032,-0.68,-0.36209,1.5708,1,AVANZAR,0.64209,0.23791
4.064,-0.68,-0.36016,1.5708,1,AVANZAR,0.64016,0.23984
4.096,-0.68,-0.35823,1.5708,1,AVANZAR,0.63823,0.24177
4.128,-0.68,-0.3563,1.5708,1,AVANZAR,0.6363,0.2437
4.16,-0.68,-0.35436,1.5708,1,AVANZAR,0.63436,0.24564
4.192,-0.68,-0.35256,1.5708,1,AVANZAR,0.63256,0.24744
4.224,-0.68,-0.35063,1.5708,1,AVANZAR,0.63063,0.24937
4.256,-0.68,-0.3487,1.5708,1,AVANZAR,0.6287,0.2513
4.288,-0.68,-0.34677,1.5708,1,AVANZAR,0.62677,0.25323
4.32,-0.68,-0.34484,1.5708,1,AVANZAR,0.62484,0.25516
4.352,-0.68,-0.34291,1.5708,1,AVANZAR,0.62291,0.25709
4.384,-0.68,-0.34098,1.5708,1,AVANZAR,0.62098,0.25902
4.416,-0.68,-0.33904,1.5708,1,AVANZAR,0.61904,0.26096
4.448,-0.68,-0.33711,1.5708,1,AVANZAR,0.61711,0.26289
4.48,-0.68,-0.33518,1.5708,1,AVANZAR,0.61518,0.26482
4.512,-0.68,-0.33338,1.5708,1,AVANZAR,0.61338,0.26662
4.544,-0.68,-0.33145,1.5708,1,AVANZAR,0.61145,0.26855
4.576,-0.68,-0.32952,1.5708,1,AVANZAR,0.60952,0.27048
4.608,-0.68,-0.32759,1.5708,1,AVANZAR,0.60759,0.27241
4.64,-0.68,-0.32566,1.5708,1,AVANZAR,0.60566,0.27434
4.672,-0.68,-0.32372,1.5708,1,AVANZAR,0.60372,0.27628
4.704,-0.68,-0.32179,1.5708,1,AVANZAR,0.60179,0.27821
4.736,-0.68,-0.31986,1.5708,1,AVANZAR,0.59986,0.28014
4.768,-0.68,-0.31793,1.5708,1,AVANZAR,0.59793,0.28207
4.8,-0.68,-0.316,1.5708,1,AVANZAR,0.596,0.284
4.832,-0.68,-0.31407,1.5708,1,AVANZAR,0.59407,0.28593
4.864,-0.68,-0.31227,1.5708,1,AVANZAR,0.59227,0.28773
4.896,-0.68,-0.31034,1.5708,1,AVANZAR,0.59033,0.28967
4.928,-0.68,-0.3084,1.5708,1,AVANZAR,0.5884,0.2916
4.96,-0.68,-0.30647,1.5708,1,AVANZAR,0.58647,0.29353
4.992,-0.68,-0.30454,1.5708,1,AVANZAR,0.58454,0.29546
5.024,-0.68,-0.30261,1.5708,1,AVANZAR,0.58261,0.29739
5.056,-0.68,-0.30068,1.5708,1,AVANZAR,0.58068,0.29932
5.088,-0.68,-0.29875,1.5708,1,AVANZAR,0.57875,0.30125
5.12,-0.68,-0.29682,1.5708,1,AVANZAR,0.57682,0.30318
5.152,-0.68,-0.29489,1.5708,1,AVANZAR,0.57489,0.30511
5.184,-0.68,-0.29308,1.5708,1,AVANZAR,0.57308,0.30692
5.216,-0.68,-0.29115,1.5708,1,AVANZAR,0.57115,0.30885
5.248,-0.68,-0.28922,1.5708,1,AVANZAR,0.56922,0.31078
5.28,-0.68,-0.28729,1.5708,1,AVANZAR,0.56729,0.31271
5.312,-0.68,-0.28536,1.5708,1,AVANZAR,0.56536,0.31464
5.344,-0.68,-0.28343,1.5708,1,AVANZAR,0.56343,0.31657
5.376,-0.68,-0.2815,1.5708,1,AVANZAR,0.5615,0.3185
5.408,-0.68,-0.27957,1.5708,1,AVANZAR,0.55957,0.32043
5.44,-0.68,-0.27764,1.5708,1,AVANZAR,0.55764,0.32236
5.472,-0.68,-0.2757,1.5708,1,AVANZAR,0.5557,0.3243
5.504,-0.68,-0.2739,1.5708,1,AVANZAR,0.5539,0.3261
5.536,-0.68,-0.27197,1.5708,1,AVANZAR,0.55197,0.32803
5.568,-0.68,-0.27004,1.5708,1,AVANZAR,0.55004,0.32996
5.6,-0.68,-0.26811,1.5708,1,AVANZAR,0.54811,0.33189
5.632,-0.68,-0.26618,1.5708,1,AVANZAR,0.54618,0.33382
5.664,-0.68,-0.26425,1.5708,1,AVANZAR,0.54425,0.33575
5.696,-0.68,-0.26231,1.5708,1,AVANZAR,0.54231,0.33769
5.728,-0.68,-0.26038,1.5708,1,AVANZAR,0.54038,0.33962
5.76,-0.68,-0.25845,1.5708,1,AVANZAR,0.53845,0.34155
5.792,-0.68,-0.25652,1.5708,1,AVANZAR,0.53652,0.34348
5.824,-0.68,-0.25459,1.5708,1,AVANZAR,0.53459,0.34541
5.856,-0.68,-0.25279,1.5708,1,AVANZAR,0.53279,0.34721
5.888,-0.68,-0.25086,1.5708,1,AVANZAR,0.53086,0.34914
5.92,-0.68,-0.24893,1.5708,1,AVANZAR,0.52893,0.35107
5.952,-0.68,-0.24699,1.5708,1,AVANZAR,0.52699,0.35301
5.984,-0.68,-0.24506,1.5708,1,AVANZAR,0.52506,0.35494
6.016,-0.68,-0.24313,1.5708,1,AVANZAR,0.52313,0.35687
6.048,-0.68,-0.2412,1.5708,1,AVANZAR,0.5212,0.3588
6.08,-0.68,-0.23927,1.5708,1,AVANZAR,0.51927,0.36073
6.112,-0.68,-0.23734,1.5708,1,AVANZAR,0.51734,0.36266
6.144,-0.68,-0.23541,1.5708,1,AVANZAR,0.51541,0.36459
6.176,-0.68,-0.23361,1.5708,1,AVANZAR,0.51361,0.36639
6.208,-0.68,-0.23167,1.5708,1,AVANZAR,0.51167,0.36833
6.24,-0.68,-0.22974,1.5708,1,AVANZAR,0.50974,0.37026
6.272,-0.68,-0.22781,1.5708,1,AVANZAR,0.50781,0.37219
6.304,-0.68,-0.22588,1.5708,1,AVANZAR,0.50588,0.37412
6.336,-0.68,-0.22395,1.5708,1,AVANZAR,0.50395,0.37605
6.368,-0.68,-0.22202,1.5708,1,AVANZAR,0.50202,0.37798
6.4,-0.68,-0.22009,1.5708,1,AVANZAR,0.50009,0.37991
6.432,-0.68,-0.21816,1.5708,1,AVANZAR,0.49816,0.38184
6.464,-0.68,-0.21623,1.5708,1,AVANZAR,0.49623,0.38377
6.496,-0.68,-0.21442,1.5708,1,AVANZAR,0.49442,0.38558
6.528,-0.68,-0.21249,1.5708,1,AVANZAR,0.49249,0.38751
6.56,-0.68,-0.21056,1.5708,1,AVANZAR,0.49056,0.38944
6.592,-0.68,-0.20863,1.5708,1,AVANZAR,0.48863,0.39137
6.624,-0.68,-0.2067,1.5708,1,AVANZAR,0.4867,0.3933
6.656,-0.68,-0.20477,1.5708,1,AVANZAR,0.48477,0.39523
6.688,-0.68,-0.20284,1.5708,1,AVANZAR,0.48284,0.39716
6.72,-0.68,-0.20091,1.5708,1,AVANZAR,0.48091,0.39909
6.752,-0.68,-0.19897,1.5708,1,AVANZAR,0.47897,0.40103
6.784,-0.68,-0.19704,1.5708,1,AVANZAR,0.47704,0.40296
6.816,-0.68,-0.19524,1.5708,1,AVANZAR,0.47524,0.40476
6.848,-0.68,-0.19331,1.5708,1,AVANZAR,0.47331,0.40669
6.88,-0.68,-0.19138,1.5708,1,AVANZAR,0.47138,0.40862
6.912,-0.68,-0.18945,1.5708,1,AVANZAR,0.46945,0.41055
6.944,-0.68,-0.18752,1.5708,1,AVANZAR,0.46752,0.41248
6.976,-0.68,-0.18559,1.5708,1,AVANZAR,0.46559,0.41441
7.008,-0.68,-0.18365,1.5708,1,AVANZAR,0.46365,0.41635
7.04,-0.68,-0.18172,1.5708,1,AVANZAR,0.46172,0.41828
7.072,-0.68,-0.17979,1.5708,1,AVANZAR,0.45979,0.42021
7.104,-0.68,-0.17786,1.5708,1,AVANZAR,0.45786,0.42214
7.136,-0.68,-0.17593,1.5708,1,AVANZAR,0.45593,0.42407
7.168,-0.68,-0.17413,1.5708,1,AVANZAR,0.45413,0.42587
7.2,-0.68,-0.1722,1.5708,1,AVANZAR,0.4522,0.4278
7.232,-0.68,-0.17027,1.5708,1,AVANZAR,0.45027,0.42973
7.264,-0.68,-0.16833,1.5708,1,AVANZAR,0.44833,0.43167
7.296,-0.68,-0.1664,1.5708,1,AVANZAR,0.4464,0.4336
7.328,-0.68,-0.16447,1.5708,1,AVANZAR,0.44447,0.43553
7.36,-0.68,-0.16254,1.5708,1,AVANZAR,0.44254,0.43746
7.392,-0.68,-0.16061,1.5708,1,AVANZAR,0.44061,0.43939
7.424,-0.68,-0.15868,1.5708,1,AVANZAR,0.43868,0.44132
7.456,-0.68,-0.15675,1.5708,1,AVANZAR,0.43675,0.44325
7.488,-0.68,-0.15495,1.5708,1,AVANZAR,0.43495,0.44505
7.52,-0.68,-0.15301,1.5708,1,AVANZAR,0.43301,0.44699
7.552,-0.68,-0.15108,1.5708,1,AVANZAR,0.43108,0.44892
7.584,-0.68,-0.14915,1.5708,1,AVANZAR,0.42915,0.45085
7.616,-0.68,-0.14722,1.5708,1,AVANZAR,0.42722,0.45278
7.648,-0.68,-0.14529,1.5708,1,AVANZAR,0.42529,0.45471
7.68,-0.68,-0.14336,1.5708,1,AVANZAR,0.42336,0.45664
7.712,-0.68,-0.14143,1.5708,1,AVANZAR,0.42143,0.45857
7.744,-0.68,-0.1395,1.5708,1,AVANZAR,0.4195,0.4605
7.776,-0.68,-0.13757,1.5708,1,AVANZAR,0.41757,0.46243
7.808,-0.68,-0.13576,1.5708,1,AVANZAR,0.41576,0.46424
7.84,-0.68,-0.13383,1.5708,1,AVANZAR,0.41383,0.46617
7.872,-0.68,-0.1319,1.5708,1,AVANZAR,0.4119,0.4681
7.904,-0.68,-0.12997,1.5708,1,AVANZAR,0.40997,0.47003
7.936,-0.68,-0.12804,1.5708,1,AVANZAR,0.40804,0.47196
7.968,-0.68,-0.12611,1.5708,1,AVANZAR,0.40611,0.47389
8.0,-0.68,-0.12418,1.5708,1,AVANZAR,0.40418,0.47582
8.032,-0.68,-0.12225,1.5708,1,AVANZAR,0.40225,0.47775
8.064,-0.68,-0.12031,1.5708,1,AVANZAR,0.40031,0.47969
8.096,-0.68,-0.11838,1.5708,1,AVANZAR,0.39838,0.48162
8.128,-0.68,-0.11645,1.5708,1,AVANZAR,0.39645,0.48355
8.16,-0.68,-0.11465,1.5708,1,AVANZAR,0.39465,0.48535
8.192,-0.68,-0.11272,1.5708,1,AVANZAR,0.39272,0.48728
8.224,-0.68,-0.11079,1.5708,1,AVANZAR,0.39079,0.48921
8.256,-0.68,-0.10886,1.5708,1,AVANZAR,0.38886,0.49114
8.288,-0.68,-0.10693,1.5708,1,AVANZAR,0.38693,0.49307
8.32,-0.68,-0.10499,1.5708,1,AVANZAR,0.38499,0.49501
8.352,-0.68,-0.10306,1.5708,1,AVANZAR,0.38306,0.49694
8.384,-0.68,-0.10113,1.5708,1,AVANZAR,0.38113,0.49887
8.416,-0.68,-0.0992,1.5708,1,AVANZAR,0.3792,0.5008
8.448,-0.68,-0.09727,1.5708,1,AVANZAR,0.37727,0.50273
8.48,-0.68,-0.09547,1.5708,1,AVANZAR,0.37547,0.50453
8.512,-0.68,-0.09354,1.5708,1,AVANZAR,0.37354,0.50646
8.544,-0.68,-0.09161,1.5708,1,AVANZAR,0.37161,0.50839
8.576,-0.68,-0.08967,1.5708,1,AVANZAR,0.36967,0.51033
8.608,-0.68,-0.08774,1.5708,1,AVANZAR,0.36774,0.51226
8.64,-0.68,-0.08581,1.5708,1,AVANZAR,0.36581,0.51419
8.672,-0.68,-0.08388,1.5708,1,AVANZAR,0.36388,0.51612
8.704,-0.68,-0.08195,1.5708,1,AVANZAR,0.36195,0.51805
8.736,-0.68,-0.08002,1.5708,1,AVANZAR,0.36002,0.51998
8.768,-0.68,-0.07809,1.5708,1,AVANZAR,0.35809,0.52191
8.8,-0.68,-0.07629,1.5708,1,AVANZAR,0.35629,0.52371
8.832,-0.68,-0.07435,1.5708,1,AVANZAR,0.35435,0.52565
8.864,-0.68,-0.07242,1.5708,1,AVANZAR,0.35242,0.52758
8.896,-0.68,-0.07049,1.5708,1,AVANZAR,0.35049,0.52951
8.928,-0.68,-0.06856,1.5708,1,AVANZAR,0.34856,0.53144
8.96,-0.68,-0.06663,1.5708,1,AVANZAR,0.34663,0.53337
8.992,-0.68,-0.0647,1.5708,1,AVANZAR,0.3447,0.5353
9.024,-0.68,-0.06277,1.5708,1,AVANZAR,0.34277,0.53723
9.056,-0.68,-0.06084,1.5708,1,AVANZAR,0.34084,0.53916
9.088,-0.68,-0.05891,1.5708,1,AVANZAR,0.33891,0.54109
9.12,-0.68,-0.05697,1.5708,1,AVANZAR,0.33697,0.54303
9.152,-0.68,-0.05517,1.5708,1,AVANZAR,0.33517,0.54483
9.184,-0.68,-0.05324,1.5708,1,AVANZAR,0.33324,0.54676
9.216,-0.68,-0.05131,1.5708,1,AVANZAR,0.33131,0.54869
9.248,-0.68,-0.04938,1.5708,1,AVANZAR,0.32938,0.55062
9.28,-0.68,-0.04745,1.5708,1,AVANZAR,0.32745,0.55255
9.312,-0.68,-0.04552,1.5708,1,AVANZAR,0.32552,0.55448
9.344,-0.68,-0.04359,1.5708,1,AVANZAR,0.32359,0.55641
9.376,-0.68,-0.04165,1.5708,1,AVANZAR,0.32165,0.55835
9.408,-0.68,-0.03972,1.5708,1,AVANZAR,0.31972,0.56028
9.44,-0.68,-0.03779,1.5708,1,AVANZAR,0.31779,0.56221
9.472,-0.68,-0.03599,1.5708,1,AVANZAR,0.31599,0.56401
9.504,-0.68,-0.03406,1.5708,1,AVANZAR,0.31406,0.56594
9.536,-0.68,-0.03213,1.5708,1,AVANZAR,0.31213,0.56787
9.568,-0.68,-0.0302,1.5708,1,AVANZAR,0.3102,0.5698
9.6,-0.68,-0.02827,1.5708,1,AVANZAR,0.30827,0.57173
9.632,-0.68,-0.02633,1.5708,1,AVANZAR,0.30633,0.57367
9.664,-0.68,-0.0244,1.5708,1,AVANZAR,0.3044,0.5756
9.696,-0.68,-0.02247,1.5708,1,AVANZAR,0.30247,0.57753
9.728,-0.68,-0.02054,1.5708,1,AVANZAR,0.30054,0.57946
9.76,-0.68,-0.01861,1.5708,1,AVANZAR,0.29861,0.58139
9.792,-0.68,-0.01681,1.5708,1,AVANZAR,0.29681,0.58319
9.824,-0.68,-0.01488,1.5708,1,AVANZAR,0.29488,0.58512
9.856,-0.68,-0.01295,1.5708,1,AVANZAR,0.29295,0.58705
9.888,-0.68,-0.01101,1.5708,1,AVANZAR,0.29101,0.58899
9.92,-0.68,-0.00908,1.5708,1,AVANZAR,0.28908,0.59092
9.952,-0.68,-0.00715,1.5708,1,AVANZAR,0.28715,0.59285
9.984,-0.68,-0.00522,1.5708,1,AVANZAR,0.28522,0.59478
10.016,-0.68,-0.00329,1.5708,1,AVANZAR,0.28329,0.59671
10.048,-0.68,-0.00136,1.5708,1,AVANZAR,0.28136,0.59864
10.08,-0.68,0.00057,1.5708,1,AVANZAR,0.27943,0.60057
10.112,-0.68,0.00237,1.5708,1,AVANZAR,0.27763,0.60237
10.144,-0.68,0.00431,1.5708,1,AVANZAR,0.27569,0.60431
10.176,-0.68,0.00624,1.5708,1,AVANZAR,0.27376,0.60624
10.208,-0.68,0.00817,1.5708,1,AVANZAR,0.27183,0.60817
10.24,-0.68,0.0101,1.5708,1,AVANZAR,0.2699,0.6101
10.272,-0.68,0.01203,1.5708,1,AVANZAR,0.26797,0.61203
10.304,-0.68,0.01396,1.5708,1,AVANZAR,0.26604,0.61396
10.336,-0.68,0.01589,1.5708,1,AVANZAR,0.26411,0.61589
10.368,-0.68,0.01782,1.5708,1,AVANZAR,0.26218,0.61782
10.4,-0.68,0.01975,1.5708,1,AVANZAR,0.26025,0.61975
10.432,-0.68,0.02169,1.5708,1,AVANZAR,0.25831,0.62169
10.464,-0.68,0.02349,1.5708,1,AVANZAR,0.25651,0.62349
10.496,-0.68,0.02542,1.5708,1,AVANZAR,0.25458,0.62542
10.528,-0.68,0.02735,1.5708,1,AVANZAR,0.25265,0.62735
10.56,-0.68,0.02928,1.5708,1,AVANZAR,0.25072,0.62928
10.592,-0.68,0.03121,1.5708,1,AVANZAR,0.24879,0.63121
10.624,-0.68,0.03314,1.5708,1,AVANZAR,0.24686,0.63314
10.656,-0.68,0.03507,1.5708,1,AVANZAR,0.24493,0.63507
10.688,-0.68,0.03701,1.5708,1,AVANZAR,0.24299,0.63701
10.72,-0.68,0.03894,1.5708,1,AVANZAR,0.24106,0.63894
10.752,-0.68,0.04087,1.5708,1,AVANZAR,0.23913,0.64087
10.784,-0.68,0.04267,1.5708,1,AVANZAR,0.23733,0.64267
10.816,-0.68,0.0446,1.5708,1,AVANZAR,0.2354,0.6446
10.848,-0.68,0.04653,1.5708,1,AVANZAR,0.23347,0.64653
10.88,-0.68,0.04846,1.5708,1,AVANZAR,0.23154,0.64846
10.912,-0.68,0.05039,1.5708,1,AVANZAR,0.22961,0.65039
10.944,-0.68,0.05233,1.5708,1,AVANZAR,0.22767,0.65233
10.976,-0.68,0.05426,1.5708,1,AVANZAR,0.22574,0.65426
11.008,-0.68,0.05619,1.5708,1,AVANZAR,0.22381,0.65619
11.04,-0.68,0.05812,1.5708,1,AVANZAR,0.22188,0.65812
11.072,-0.68,0.06005,1.5708,1,AVANZAR,0.21995,0.66005
11.104,-0.68,0.06185,1.5708,1,AVANZAR,0.21815,0.66185
11.136,-0.68,0.06378,1.5708,1,AVANZAR,0.21622,0.66378
11.168,-0.68,0.06571,1.5708,1,AVANZAR,0.21429,0.66571
11.2,-0.68,0.06765,1.5708,1,AVANZAR,0.21235,0.66765
11.232,-0.68,0.06958,1.5708,1,AVANZAR,0.21042,0.66958
11.264,-0.68,0.07151,1.5708,1,AVANZAR,0.20849,0.67151
11.296,-0.68,0.07344,1.5708,1,AVANZAR,0.20656,0.67344
11.328,-0.68,0.07537,1.5708,1,AVANZAR,0.20463,0.67537
11.36,-0.68,0.0773,1.5708,1,AVANZAR,0.2027,0.6773
11.392,-0.68,0.07923,1.5708,1,AVANZAR,0.20077,0.67923
11.424,-0.68,0.08116,1.5708,1,AVANZAR,0.19884,0.68116
11.456,-0.68,0.08297,1.5708,1,AVANZAR,0.19703,0.68297
11.488,-0.68,0.0849,1.5708,1,AVANZAR,0.1951,0.6849
11.52,-0.68,0.08683,1.5708,1,AVANZAR,0.19317,0.68683
11.552,-0.68,0.08876,1.5708,1,AVANZAR,0.19124,0.68876
11.584,-0.68,0.09069,1.5708,1,AVANZAR,0.18931,0.69069
11.616,-0.68,0.09262,1.5708,1,AVANZAR,0.18738,0.69262
11.648,-0.68,0.09455,1.5708,1,AVANZAR,0.18545,0.69455
11.68,-0.68,0.09648,1.5708,1,AVANZAR,0.18352,0.69648
11.712,-0.68,0.09841,1.5708,1,AVANZAR,0.18159,0.69841
11.744,-0.68,0.10035,1.5708,1,AVANZAR,0.17965,0.70035
11.776,-0.68,0.10215,1.5708,1,AVANZAR,0.17785,0.70215
11.808,-0.68,0.10408,1.5708,1,AVANZAR,0.17592,0.70408
11.84,-0.68,0.10601,1.5708,1,AVANZAR,0.17399,0.70601
11.872,-0.68,0.10794,1.5708,1,AVANZAR,0.17206,0.70794
11.904,-0.68,0.10987,1.5708,1,AVANZAR,0.17013,0.70987
11.936,-0.68,0.1118,1.5708,1,AVANZAR,0.1682,0.7118
11.968,-0.68,0.11373,1.5708,1,AVANZAR,0.16627,0.71373
12.0,-0.68,0.11567,1.5708,1,AVANZAR,0.16433,0.71567
12.032,-0.68,0.1176,1.5708,1,AVANZAR,0.1624,0.7176
12.064,-0.68,0.11953,1.5708,1,AVANZAR,0.16047,0.71953
12.096,-0.68,0.12133,1.5708,1,AVANZAR,0.15867,0.72133
12.128,-0.68,0.12326,1.5708,1,AVANZAR,0.15674,0.72326
12.16,-0.68,0.12519,1.5708,1,AVANZAR,0.15481,0.72519
12.192,-0.68,0.12712,1.5708,1,AVANZAR,0.15288,0.72712
12.224,-0.68,0.12905,1.5708,1,AVANZAR,0.15095,0.72905
12.256,-0.68,0.13099,1.5708,1,AVANZAR,0.14901,0.73099
12.288,-0.68,0.13292,1.5708,1,AVANZAR,0.14708,0.73292
12.32,-0.68,0.13485,1.5708,1,AVANZAR,0.14515,0.73485
12.352,-0.68,0.13678,1.5708,1,AVANZAR,0.14322,0.73678
12.384,-0.68,0.13871,1.5708,1,AVANZAR,0.14129,0.73871
12.416,-0.68,0.14064,1.5708,1,AVANZAR,0.13936,0.74064
12.448,-0.68,0.14244,1.5708,1,AVANZAR,0.13756,0.74244
12.48,-0.68,0.14437,1.5708,1,AVANZAR,0.13563,0.74437
12.512,-0.68,0.14631,1.5708,1,AVANZAR,0.13369,0.74631
12.544,-0.68,0.14824,1.5708,1,AVANZAR,0.13176,0.74824
12.576,-0.68,0.15017,1.5708,1,AVANZAR,0.12983,0.75017
12.608,-0.68,0.1521,1.5708,1,AVANZAR,0.1279,0.7521
12.64,-0.68,0.15403,1.5708,1,AVANZAR,0.12597,0.75403
12.672,-0.68,0.15596,1.5708,1,AVANZAR,0.12404,0.75596
12.704,-0.68,0.15789,1.5708,1,AVANZAR,0.12211,0.75789
12.736,-0.68,0.15982,1.5708,1,AVANZAR,0.12018,0.75982
12.768,-0.68,0.16163,1.5708,1,AVANZAR,0.11837,0.76163
12.8,-0.68,0.16356,1.5708,1,AVANZAR,0.11644,0.76356
12.832,-0.68,0.16549,1.5708,1,AVANZAR,0.11451,0.76549
12.864,-0.68,0.16742,1.5708,1,AVANZAR,0.11258,0.76742
12.896,-0.68,0.16935,1.5708,1,AVANZAR,0.11065,0.76935
12.928,-0.68,0.17128,1.5708,1,AVANZAR,0.10872,0.77128
12.96,-0.68,0.17321,1.5708,1,AVANZAR,0.10679,0.77321
12.992,-0.68,0.17514,1.5708,1,AVANZAR,0.10486,0.77514
13.024,-0.68,0.17707,1.5708,1,AVANZAR,0.10293,0.77707
13.056,-0.68,0.17901,1.5708,1,AVANZAR,0.10099,0.77901
13.088,-0.68,0.18081,1.5708,1,AVANZAR,0.09919,0.78081
13.12,-0.68,0.18274,1.5708,1,AVANZAR,0.09726,0.78274
13.152,-0.68,0.18467,1.5708,1,AVANZAR,0.09533,0.78467
13.184,-0.68,0.1866,1.5708,1,AVANZAR,0.0934,0.7866
13.216,-0.68,0.18853,1.5708,1,AVANZAR,0.09147,0.78853
13.248,-0.68,0.19046,1.5708,1,AVANZAR,0.08954,0.79046
13.28,-0.68,0.19239,1.5708,1,AVANZAR,0.08761,0.79239
13.312,-0.68,0.19433,1.5708,1,AVANZAR,0.08567,0.79433
13.344,-0.68,0.19626,1.5708,1,AVANZAR,0.08374,0.79626
13.376,-0.68,0.19819,1.5708,1,AVANZAR,0.08181,0.79819
13.408,-0.68,0.19999,1.5708,1,AVANZAR,0.08001,0.79999
13.44,-0.68,0.20192,1.5708,1,AVANZAR,0.07808,0.80192
13.472,-0.68,0.20385,1.5708,1,AVANZAR,0.07615,0.80385
13.504,-0.68,0.20578,1.5708,1,AVANZAR,0.07422,0.80578
13.536,-0.68,0.20771,1.5708,1,AVANZAR,0.07229,0.80771
13.568,-0.68,0.20952,1.5708,1,AVANZAR,0.07048,0.80952
13.6,-0.68,0.21132,1.5708,1,AVANZAR,0.06868,0.81132
13.632,-0.68,0.21312,1.5708,1,AVANZAR,0.06688,0.81312
13.664,-0.68,0.2148,1.5708,1,AVANZAR,0.0652,0.8148
13.696,-0.68,0.21647,1.5708,1,AVANZAR,0.06353,0.81647
13.728,-0.68,0.21814,1.5708,1,AVANZAR,0.06186,0.81814
13.76,-0.68,0.21969,1.5708,1,AVANZAR,0.06031,0.81969
13.792,-0.68,0.22123,1.5708,1,AVANZAR,0.05877,0.82123
13.824,-0.68,0.22278,1.5708,1,AVANZAR,0.05722,0.82278
13.856,-0.68,0.22419,1.5708,1,AVANZAR,0.05581,0.82419
13.888,-0.68,0.22561,1.5708,1,AVANZAR,0.05439,0.82561
13.92,-0.68,0.22703,1.5708,1,AVANZAR,0.05297,0.82703
13.952,-0.68,0.22844,1.5708,1,AVANZAR,0.05156,0.82844
13.984,-0.68,0.22973,1.5708,1,AVANZAR,0.05027,0.82973
14.016,-0.68,0.23102,1.5708,1,AVANZAR,0.04898,0.83102
14.048,-0.68,0.2323,1.5708,1,AVANZAR,0.0477,0.8323
14.08,-0.68,0.23346,1.5708,1,AVANZAR,0.04654,0.83346
14.112,-0.68,0.23462,1.5708,1,AVANZAR,0.04538,0.83462
14.144,-0.68,0.23578,1.5708,1,AVANZAR,0.04422,0.83578
14.176,-0.68,0.23694,1.5708,1,AVANZAR,0.04306,0.83694
14.208,-0.68,0.2381,1.5708,1,AVANZAR,0.0419,0.8381
14.24,-0.68,0.23913,1.5708,1,AVANZAR,0.04087,0.83913
14.272,-0.68,0.24016,1.5708,1,AVANZAR,0.03984,0.84016
14.304,-0.68,0.24119,1.5708,1,AVANZAR,0.03881,0.84119
14.336,-0.68,0.24222,1.5708,1,AVANZAR,0.03778,0.84222
14.368,-0.68,0.24312,1.5708,1,AVANZAR,0.03688,0.84312
14.4,-0.68,0.24415,1.5708,1,AVANZAR,0.03585,0.84415
14.432,-0.68,0.24505,1.5708,1,AVANZAR,0.03495,0.84505
14.464,-0.68,0.24595,1.5708,1,AVANZAR,0.03405,0.84595
14.496,-0.68,0.24672,1.5708,1,AVANZAR,0.03328,0.84672
14.528,-0.68,0.24762,1.5708,1,AVANZAR,0.03238,0.84762
14.56,-0.68,0.24853,1.5708,1,AVANZAR,0.03147,0.84853
14.592,-0.68,0.2493,1.5708,1,AVANZAR,0.0307,0.8493
14.624,-0.68,0.25007,1.5708,1,AVANZAR,0.02993,0.85007
14.656,-0.68,0.25084,1.5708,1,AVANZAR,0.02916,0.85084
14.688,-0.68,0.25162,1.5708,1,AVANZAR,0.02838,0.85162
14.72,-0.68,0.25226,1.5708,1,AVANZAR,0.02774,0.85226
14.752,-0.68,0.25303,1.5708,1,AVANZAR,0.02697,0.85303
14.784,-0.68,0.25367,1.5708,1,AVANZAR,0.02633,0.85367
14.816,-0.68,0.25432,1.5708,1,AVANZAR,0.02568,0.85432
14.848,-0.68,0.25509,1.5708,1,AVANZAR,0.02491,0.85509
14.88,-0.68,0.25561,1.5708,1,AVANZAR,0.02439,0.85561
14.912,-0.68,0.25625,1.5708,1,AVANZAR,0.02375,0.85625
14.944,-0.68,0.25689,1.5708,1,AVANZAR,0.02311,0.85689
14.976,-0.68,0.25754,1.5708,1,AVANZAR,0.02246,0.85754
15.008,-0.68,0.25805,1.5708,1,AVANZAR,0.02195,0.85805
15.04,-0.68,0.25857,1.5708,1,AVANZAR,0.02143,0.85857
15.072,-0.68,0.25921,1.5708,1,AVANZAR,0.02079,0.85921
15.104,-0.68,0.25973,1.5708,1,AVANZAR,0.02027,0.85973
15.136,-0.68,0.26024,1.5708,1,AVANZAR,0.01976,0.86024
15.168,-0.68,0.26076,1.5708,1,AVANZAR,0.01924,0.86076
15.2,-0.68,0.26127,1.5708,1,AVANZAR,0.01873,0.86127
15.232,-0.68,0.26166,1.5708,1,AVANZAR,0.01834,0.86166
15.264,-0.68,0.26217,1.5708,1,AVANZAR,0.01783,0.86217
15.296,-0.68,0.26269,1.5708,1,AVANZAR,0.01731,0.86269
15.328,-0.68,0.26307,1.5708,1,AVANZAR,0.01693,0.86307
15.36,-0.68,0.26346,1.5708,1,AVANZAR,0.01654,0.86346
15.392,-0.68,0.26397,1.5708,1,AVANZAR,0.01603,0.86397
15.424,-0.68,0.26436,1.5708,1,AVANZAR,0.01564,0.86436
15.456,-0.68,0.26475,1.5708,1,AVANZAR,0.01525,0.86475
15.488,-0.68,0.26513,1.5708,1,AVANZAR,0.01487,0.86513
15.52,-0.68,0.26552,1.5708,1,AVANZAR,0.01448,0.86552
15.552,-0.68,0.26591,1.5708,1,AVANZAR,0.01409,0.86591
15.584,-0.68,0.26629,1.5708,1,AVANZAR,0.01371,0.86629
15.616,-0.68,0.26655,1.5708,1,AVANZAR,0.01345,0.86655
15.648,-0.68,0.26694,1.5708,1,AVANZAR,0.01306,0.86694
15.68,-0.68,0.26732,1.5708,1,AVANZAR,0.01268,0.86732
15.712,-0.68,0.26758,1.5708,1,AVANZAR,0.01242,0.86758
15.744,-0.68,0.26797,1.5708,1,AVANZAR,0.01203,0.86797
15.776,-0.68,0.26822,1.5708,1,AVANZAR,0.01178,0.86822
15.808,-0.68,0.26848,1.5708,1,AVANZAR,0.01152,0.86848
15.84,-0.68,0.26887,1.5708,1,AVANZAR,0.01113,0.86887
15.872,-0.68,0.26912,1.5708,1,AVANZAR,0.01088,0.86912
15.904,-0.68,0.26938,1.5708,1,AVANZAR,0.01062,0.86938
15.936,-0.68,0.26964,1.5708,1,AVANZAR,0.01036,0.86964
15.968,-0.68,0.2699,1.5708,1,AVANZAR,0.0101,0.8699
16.0,-0.68,0.27015,1.5708,1,AVANZAR,0.00985,0.87015
16.032,-0.68,0.27041,1.5708,1,AVANZAR,0.00959,0.87041
16.064,-0.68,0.27067,1.5708,1,AVANZAR,0.00933,0.87067
16.096,-0.68,0.27093,1.5708,1,AVANZAR,0.00907,0.87093
16.128,-0.68,0.27118,1.5708,1,AVANZAR,0.00882,0.87118
16.16,-0.68,0.27131,1.5708,1,AVANZAR,0.00869,0.87131
16.192,-0.68,0.27157,1.5708,1,AVANZAR,0.00843,0.87157
16.224,-0.68,0.27183,1.5708,1,AVANZAR,0.00817,0.87183
16.256,-0.68,0.27208,1.5708,1,AVANZAR,0.00792,0.87208
16.288,-0.68,0.27221,1.5708,1,AVANZAR,0.00779,0.87221
16.32,-0.68,0.27247,1.5708,1,AVANZAR,0.00753,0.87247
16.352,-0.68,0.2726,1.5708,1,AVANZAR,0.0074,0.8726
16.384,-0.68,0.27286,1.5708,1,AVANZAR,0.00714,0.87286
16.416,-0.68,0.27299,1.5708,1,AVANZAR,0.00701,0.87299
16.448,-0.68,0.27311,1.5708,1,AVANZAR,0.00689,0.87311
16.48,-0.68,0.27337,1.5708,1,AVANZAR,0.00663,0.87337
16.512,-0.68,0.2735,1.5708,1,AVANZAR,0.0065,0.8735
16.544,-0.68,0.27363,1.5708,1,AVANZAR,0.00637,0.87363
16.576,-0.68,0.27389,1.5708,1,AVANZAR,0.00611,0.87389
16.608,-0.68,0.27402,1.5708,1,AVANZAR,0.00598,0.87402
16.64,-0.68,0.27414,1.5708,1,AVANZAR,0.00586,0.87414
16.672,-0.68,0.27427,1.5708,1,AVANZAR,0.00573,0.87427
16.704,-0.68,0.2744,1.5708,1,AVANZAR,0.0056,0.8744
16.736,-0.68,0.27453,1.5708,1,AVANZAR,0.00547,0.87453
16.768,-0.68,0.27479,1.5708,1,AVANZAR,0.00521,0.87479
16.8,-0.68,0.27492,1.5708,1,AVANZAR,0.00508,0.87492
16.832,-0.68,0.28,1.5708,2,GIRAR,0.00495,0.87505
16.864,-0.68,0.28,1.5708,2,GIRAR,1.5708,0.87505
16.896,-0.68,0.27994,1.53366,2,GIRAR,1.53366,0.87511
16.928,-0.68,0.27994,1.49405,2,GIRAR,1.49405,0.87511
16.96,-0.68,0.27994,1.45444,2,GIRAR,1.45444,0.87511
16.992,-0.67999,0.28,1.4173,2,GIRAR,1.4173,0.87517
17.024,-0.68,0.27994,1.38016,2,GIRAR,1.38016,0.87524
17.056,-0.68,0.27994,1.34055,2,GIRAR,1.34055,0.87524
17.088,-0.68,0.27994,1.30094,2,GIRAR,1.30094,0.87524
17.12,-0.67999,0.28,1.2638,2,GIRAR,1.2638,0.8753
17.152,-0.68001,0.27994,1.22666,2,GIRAR,1.22666,0.87537
17.184,-0.68001,0.27994,1.18705,2,GIRAR,1.18705,0.87537
17.216,-0.68001,0.27994,1.14744,2,GIRAR,1.14744,0.87537
17.248,-0.67998,0.27999,1.1103,2,GIRAR,1.1103,0.87543
17.28,-0.68001,0.27994,1.07317,2,GIRAR,1.07317,0.8755
17.312,-0.68001,0.27994,1.03355,2,GIRAR,1.03355,0.8755
17.344,-0.68001,0.27994,0.99394,2,GIRAR,0.99394,0.8755
17.376,-0.67997,0.27999,0.95681,2,GIRAR,0.95681,0.87556
17.408,-0.68001,0.27994,0.91967,2,GIRAR,0.91967,0.87563
17.44,-0.68001,0.27994,0.88006,2,GIRAR,0.88006,0.87563
17.472,-0.68001,0.27994,0.84044,2,GIRAR,0.84044,0.87563
17.504,-0.67997,0.27999,0.80331,2,GIRAR,0.80331,0.87569
17.536,-0.68001,0.27994,0.76617,2,GIRAR,0.76617,0.87575
17.568,-0.68001,0.27994,0.72656,2,GIRAR,0.72656,0.87575
17.6,-0.68001,0.27994,0.68695,2,GIRAR,0.68695,0.87575
17.632,-0.67996,0.27998,0.64981,2,GIRAR,0.64981,0.87582
17.664,-0.68001,0.27994,0.61267,2,GIRAR,0.61267,0.87588
17.696,-0.68001,0.27994,0.57306,2,GIRAR,0.57306,0.87588
17.728,-0.68001,0.27994,0.53345,2,GIRAR,0.53345,0.87588
17.76,-0.67996,0.27997,0.49631,2,GIRAR,0.49631,0.87595
17.792,-0.68001,0.27994,0.45918,2,GIRAR,0.45918,0.87601
17.824,-0.68001,0.27994,0.41956,2,GIRAR,0.41956,0.87601
17.856,-0.68001,0.27994,0.37995,2,GIRAR,0.37995,0.87601
17.888,-0.67995,0.27997,0.34281,2,GIRAR,0.34281,0.87608
17.92,-0.68002,0.27995,0.30568,2,GIRAR,0.30568,0.87614
17.952,-0.68002,0.27995,0.26607,2,GIRAR,0.26607,0.87614
17.984,-0.68002,0.27995,0.22645,2,GIRAR,0.22645,0.87614
18.016,-0.68002,0.27995,0.18684,2,GIRAR,0.18684,0.87614
18.048,-0.68002,0.27995,0.15218,2,GIRAR,0.15218,0.87614
18.08,-0.68002,0.27995,0.11257,2,GIRAR,0.11257,0.87614
18.112,-0.68002,0.27995,0.07296,2,GIRAR,0.07296,0.87614
18.144,-0.68002,0.27995,0.03334,2,GIRAR,0.03334,0.87614
18.176,-0.67995,0.27995,-0.00379,2,GIRAR,0.0,0.8762
18.208,-0.68002,0.27995,-0.04093,2,GIRAR,0.0,0.87627
18.24,-0.68002,0.27995,-0.08054,2,GIRAR,0.0,0.87627
18.272,-0.68002,0.27995,-0.12015,2,GIRAR,0.0,0.87627
18.304,-0.67995,0.27994,0.0,2,AVANZAR,0.0,0.87633
18.336,-0.67995,0.27994,0.0,2,AVANZAR,0.23995,0.87633
18.368,-0.67808,0.27994,0.00248,2,AVANZAR,0.23808,0.8782
18.4,-0.67615,0.27995,0.00248,2,AVANZAR,0.23615,0.88013
18.432,-0.67429,0.27995,0.0,2,AVANZAR,0.23429,0.882
18.464,-0.67236,0.27995,0.0,2,AVANZAR,0.23236,0.88393
18.496,-0.67042,0.27995,0.0,2,AVANZAR,0.23042,0.88586
18.528,-0.66849,0.27995,0.0,2,AVANZAR,0.22849,0.88779
18.56,-0.66656,0.27995,0.0,2,AVANZAR,0.22656,0.88972
18.592,-0.66463,0.27995,0.0,2,AVANZAR,0.22463,0.89165
18.624,-0.6627,0.27995,0.0,2,AVANZAR,0.2227,0.89358
18.656,-0.66077,0.27995,0.0,2,AVANZAR,0.22077,0.89552
18.688,-0.6589,0.27995,0.00248,2,AVANZAR,0.2189,0.89738
18.72,-0.65697,0.27996,0.00248,2,AVANZAR,0.21697,0.89931
18.752,-0.6551,0.27996,0.0,2,AVANZAR,0.2151,0.90118
18.784,-0.65317,0.27996,0.0,2,AVANZAR,0.21317,0.90311
18.816,-0.65124,0.27996,0.0,2,AVANZAR,0.21124,0.90504
18.848,-0.64931,0.27996,0.0,2,AVANZAR,0.20931,0.90697
18.88,-0.64738,0.27996,0.0,2,AVANZAR,0.20738,0.9089
18.912,-0.64545,0.27996,0.0,2,AVANZAR,0.20545,0.91084
18.944,-0.64352,0.27996,0.0,2,AVANZAR,0.20352,0.91277
18.976,-0.64159,0.27996,0.0,2,AVANZAR,0.20159,0.9147
19.008,-0.63972,0.27996,0.00248,2,AVANZAR,0.19972,0.91656
19.04,-0.63779,0.27997,0.00248,2,AVANZAR,0.19779,0.9185
19.072,-0.63592,0.27997,0.0,2,AVANZAR,0.19592,0.92036
19.104,-0.63399,0.27997,0.0,2,AVANZAR,0.19399,0.92229
19.136,-0.63206,0.27997,0.0,2,AVANZAR,0.19206,0.92422
19.168,-0.63013,0.27997,0.0,2,AVANZAR,0.19013,0.92616
19.2,-0.6282,0.27997,0.0,2,AVANZAR,0.1882,0.92809
19.232,-0.62627,0.27997,0.0,2,AVANZAR,0.18627,0.93002
19.264,-0.62434,0.27997,0.0,2,AVANZAR,0.18434,0.93195
19.296,-0.6224,0.27997,0.0,2,AVANZAR,0.1824,0.93388
19.328,-0.62054,0.27997,0.00248,2,AVANZAR,0.18054,0.93575
19.36,-0.61861,0.27998,0.00248,2,AVANZAR,0.17861,0.93768
19.392,-0.61668,0.27998,0.00248,2,AVANZAR,0.17668,0.93961
19.424,-0.61481,0.27998,0.0,2,AVANZAR,0.17481,0.94148
19.456,-0.61288,0.27998,0.0,2,AVANZAR,0.17288,0.94341
19.488,-0.61095,0.27998,0.0,2,AVANZAR,0.17095,0.94534
19.52,-0.60902,0.27998,0.0,2,AVANZAR,0.16902,0.94727
19.552,-0.60708,0.27998,0.0,2,AVANZAR,0.16708,0.9492
19.584,-0.60515,0.27998,0.0,2,AVANZAR,0.16515,0.95113
19.616,-0.60322,0.27998,0.0,2,AVANZAR,0.16322,0.95306
19.648,-0.60129,0.27998,0.0,2,AVANZAR,0.16129,0.95499
19.68,-0.59942,0.27999,0.00248,2,AVANZAR,0.15942,0.95686
19.712,-0.59749,0.27999,0.00248,2,AVANZAR,0.15749,0.95879
19.744,-0.59563,0.27999,0.0,2,AVANZAR,0.15563,0.96066
19.776,-0.5937,0.27999,0.0,2,AVANZAR,0.1537,0.96259
19.808,-0.59176,0.27999,0.0,2,AVANZAR,0.15176,0.96452
19.84,-0.58983,0.27999,0.0,2,AVANZAR,0.14983,0.96645
19.872,-0.5879,0.27999,0.0,2,AVANZAR,0.1479,0.96838
19.904,-0.58597,0.27999,0.0,2,AVANZAR,0.14597,0.97031
19.936,-0.58404,0.27999,0.0,2,AVANZAR,0.14404,0.97224
19.968,-0.58211,0.27999,0.0,2,AVANZAR,0.14211,0.97418
20.0,-0.58024,0.27999,0.00248,2,AVANZAR,0.14024,0.97604
20.032,-0.57831,0.28,0.00248,2,AVANZAR,0.13831,0.97797
20.064,-0.57644,0.28,0.0,2,AVANZAR,0.13644,0.97984
20.096,-0.57451,0.28,0.0,2,AVANZAR,0.13451,0.98177
20.128,-0.57258,0.28,0.0,2,AVANZAR,0.13258,0.9837
20.16,-0.57065,0.28,0.0,2,AVANZAR,0.13065,0.98563
20.192,-0.56872,0.28,0.0,2,AVANZAR,0.12872,0.98756
20.224,-0.56679,0.28,0.0,2,AVANZAR,0.12679,0.9895
20.256,-0.56486,0.28,0.0,2,AVANZAR,0.12486,0.99143
20.288,-0.56293,0.28,0.0,2,AVANZAR,0.12293,0.99336
20.32,-0.56106,0.28,0.00248,2,AVANZAR,0.12106,0.99522
20.352,-0.55913,0.28001,0.00248,2,AVANZAR,0.11913,0.99716
20.384,-0.55726,0.28001,0.0,2,AVANZAR,0.11726,0.99902
20.416,-0.55533,0.28001,0.0,2,AVANZAR,0.11533,1.00095
20.448,-0.5534,0.28001,0.0,2,AVANZAR,0.1134,1.00288
20.48,-0.55147,0.28001,0.0,2,AVANZAR,0.11147,1.00482
20.512,-0.54954,0.28001,0.0,2,AVANZAR,0.10954,1.00675
20.544,-0.54761,0.28001,0.0,2,AVANZAR,0.10761,1.00868
20.576,-0.54568,0.28001,0.0,2,AVANZAR,0.10568,1.01061
20.608,-0.54374,0.28001,0.0,2,AVANZAR,0.10374,1.01254
20.64,-0.54181,0.28001,0.0,2,AVANZAR,0.10181,1.01447
20.672,-0.53995,0.28001,0.00248,2,AVANZAR,0.09995,1.01634
20.704,-0.53802,0.28002,0.00248,2,AVANZAR,0.09802,1.01827
20.736,-0.53615,0.28002,0.0,2,AVANZAR,0.09615,1.02014
20.768,-0.53422,0.28002,0.0,2,AVANZAR,0.09422,1.02207
20.8,-0.53229,0.28002,0.0,2,AVANZAR,0.09229,1.024
20.832,-0.53036,0.28002,0.0,2,AVANZAR,0.09036,1.02593
20.864,-0.52842,0.28002,0.0,2,AVANZAR,0.08842,1.02786
20.896,-0.52649,0.28002,0.0,2,AVANZAR,0.08649,1.02979
20.928,-0.52456,0.28002,0.0,2,AVANZAR,0.08456,1.03172
20.96,-0.52263,0.28002,0.0,2,AVANZAR,0.08263,1.03365
20.992,-0.52076,0.28002,0.00248,2,AVANZAR,0.08076,1.03552
21.024,-0.51883,0.28003,0.00248,2,AVANZAR,0.07883,1.03745
21.056,-0.51697,0.28003,0.0,2,AVANZAR,0.07697,1.03932
21.088,-0.51504,0.28003,0.0,2,AVANZAR,0.07504,1.04125
21.12,-0.5131,0.28003,0.0,2,AVANZAR,0.0731,1.04318
21.152,-0.51117,0.28003,0.0,2,AVANZAR,0.07117,1.04511
21.184,-0.50937,0.28003,0.0,2,AVANZAR,0.06937,1.04691
21.216,-0.50757,0.28003,0.0,2,AVANZAR,0.06757,1.04872
21.248,-0.50589,0.28003,0.0,2,AVANZAR,0.06589,1.05039
21.28,-0.50422,0.28003,0.0,2,AVANZAR,0.06422,1.05206
21.312,-0.50255,0.28003,0.0,2,AVANZAR,0.06255,1.05374
21.344,-0.501,0.28003,0.0,2,AVANZAR,0.061,1.05528
21.376,-0.49939,0.28003,0.00248,2,AVANZAR,0.05939,1.05689
21.408,-0.49791,0.28003,0.0,2,AVANZAR,0.05791,1.05837
21.44,-0.49637,0.28003,0.0,2,AVANZAR,0.05637,1.05992
21.472,-0.49495,0.28003,0.0,2,AVANZAR,0.05495,1.06133
21.504,-0.49354,0.28003,0.0,2,AVANZAR,0.05354,1.06275
21.536,-0.49218,0.28004,0.00248,2,AVANZAR,0.05218,1.0641
21.568,-0.49083,0.28004,0.0,2,AVANZAR,0.05083,1.06545
21.6,-0.48954,0.28004,0.0,2,AVANZAR,0.04954,1.06674
21.632,-0.48826,0.28004,0.0,2,AVANZAR,0.04826,1.06803
21.664,-0.48703,0.28004,0.00248,2,AVANZAR,0.04703,1.06925
21.696,-0.48581,0.28004,0.0,2,AVANZAR,0.04581,1.07047
21.728,-0.48465,0.28004,0.0,2,AVANZAR,0.04465,1.07163
21.76,-0.48349,0.28004,0.0,2,AVANZAR,0.04349,1.07279
21.792,-0.4824,0.28004,0.00248,2,AVANZAR,0.0424,1.07388
21.824,-0.48131,0.28004,0.0,2,AVANZAR,0.04131,1.07498
21.856,-0.48028,0.28004,0.0,2,AVANZAR,0.04028,1.07601
21.888,-0.47925,0.28004,0.0,2,AVANZAR,0.03925,1.07704
21.92,-0.47822,0.28004,0.0,2,AVANZAR,0.03822,1.07807
21.952,-0.47725,0.28004,0.00248,2,AVANZAR,0.03725,1.07903
21.984,-0.47628,0.28005,0.0,2,AVANZAR,0.03628,1.08
22.016,-0.47538,0.28005,0.0,2,AVANZAR,0.03538,1.0809
22.048,-0.47448,0.28005,0.0,2,AVANZAR,0.03448,1.0818
22.08,-0.47358,0.28005,0.0,2,AVANZAR,0.03358,1.0827
22.112,-0.47268,0.28005,0.0,2,AVANZAR,0.03268,1.0836
22.144,-0.47191,0.28005,0.0,2,AVANZAR,0.03191,1.08438
22.176,-0.47107,0.28005,0.00248,2,AVANZAR,0.03107,1.08521
22.208,-0.47023,0.28005,0.0,2,AVANZAR,0.03023,1.08605
22.24,-0.46946,0.28005,0.0,2,AVANZAR,0.02946,1.08682
22.272,-0.46875,0.28005,0.00248,2,AVANZAR,0.02875,1.08753
22.304,-0.46805,0.28005,0.0,2,AVANZAR,0.02805,1.08824
22.336,-0.46727,0.28005,0.0,2,AVANZAR,0.02727,1.08901
22.368,-0.46663,0.28005,0.0,2,AVANZAR,0.02663,1.08966
22.4,-0.46592,0.28005,0.00248,2,AVANZAR,0.02592,1.09036
22.432,-0.46521,0.28005,0.0,2,AVANZAR,0.02521,1.09107
22.464,-0.46457,0.28005,0.0,2,AVANZAR,0.02457,1.09172
22.496,-0.46393,0.28005,0.0,2,AVANZAR,0.02393,1.09236
22.528,-0.46341,0.28005,0.0,2,AVANZAR,0.02341,1.09287
22.56,-0.46277,0.28005,0.0,2,AVANZAR,0.02277,1.09352
22.592,-0.46219,0.28005,0.00248,2,AVANZAR,0.02219,1.0941
22.624,-0.46161,0.28005,0.0,2,AVANZAR,0.02161,1.09468
22.656,-0.46109,0.28005,0.0,2,AVANZAR,0.02109,1.09519
22.688,-0.46051,0.28005,0.00248,2,AVANZAR,0.02051,1.09577
22.72,-0.46,0.28005,0.00248,2,AVANZAR,0.02,1.09629
22.752,-0.45948,0.28006,0.00248,2,AVANZAR,0.01948,1.0968
22.784,-0.45897,0.28006,0.00248,2,AVANZAR,0.01897,1.09732
22.816,-0.45852,0.28006,0.0,2,AVANZAR,0.01852,1.09777
22.848,-0.458,0.28006,0.0,2,AVANZAR,0.018,1.09828
22.88,-0.45755,0.28006,0.00248,2,AVANZAR,0.01755,1.09873
22.912,-0.4571,0.28006,0.0,2,AVANZAR,0.0171,1.09918
22.944,-0.45672,0.28006,0.0,2,AVANZAR,0.01672,1.09957
22.976,-0.4562,0.28006,0.0,2,AVANZAR,0.0162,1.10008
23.008,-0.45582,0.28006,0.0,2,AVANZAR,0.01582,1.10047
23.04,-0.45543,0.28006,0.0,2,AVANZAR,0.01543,1.10086
23.072,-0.45504,0.28006,0.0,2,AVANZAR,0.01504,1.10124
23.104,-0.45466,0.28006,0.0,2,AVANZAR,0.01466,1.10163
23.136,-0.45427,0.28006,0.0,2,AVANZAR,0.01427,1.10201
23.168,-0.45388,0.28006,0.0,2,AVANZAR,0.01388,1.1024
23.2,-0.45356,0.28006,0.00248,2,AVANZAR,0.01356,1.10272
23.232,-0.45324,0.28006,0.0,2,AVANZAR,0.01324,1.10304
23.264,-0.45285,0.28006,0.0,2,AVANZAR,0.01285,1.10343
23.296,-0.45253,0.28006,0.00248,2,AVANZAR,0.01253,1.10375
23.328,-0.45221,0.28006,0.0,2,AVANZAR,0.01221,1.10407
23.36,-0.45195,0.28006,0.0,2,AVANZAR,0.01195,1.10433
23.392,-0.45157,0.28006,0.0,2,AVANZAR,0.01157,1.10472
23.424,-0.45131,0.28006,0.0,2,AVANZAR,0.01131,1.10498
23.456,-0.45105,0.28006,0.0,2,AVANZAR,0.01105,1.10523
23.488,-0.45073,0.28006,0.00248,2,AVANZAR,0.01073,1.10555
23.52,-0.45041,0.28006,0.0,2,AVANZAR,0.01041,1.10588
23.552,-0.45015,0.28006,0.0,2,AVANZAR,0.01015,1.10613
23.584,-0.44989,0.28006,0.0,2,AVANZAR,0.00989,1.10639
23.616,-0.44964,0.28006,0.0,2,AVANZAR,0.00964,1.10665
23.648,-0.44938,0.28006,0.0,2,AVANZAR,0.00938,1.10691
23.68,-0.44918,0.28006,0.00248,2,AVANZAR,0.00918,1.1071
23.712,-0.44899,0.28006,0.0,2,AVANZAR,0.00899,1.10729
23.744,-0.44873,0.28006,0.0,2,AVANZAR,0.00873,1.10755
23.776,-0.44848,0.28006,0.0,2,AVANZAR,0.00848,1.10781
23.808,-0.44828,0.28006,0.00248,2,AVANZAR,0.00828,1.108
23.84,-0.44809,0.28006,0.0,2,AVANZAR,0.00809,1.10819
23.872,-0.44783,0.28006,0.0,2,AVANZAR,0.00783,1.10845
23.904,-0.4477,0.28006,0.0,2,AVANZAR,0.0077,1.10858
23.936,-0.44745,0.28006,0.0,2,AVANZAR,0.00745,1.10884
23.968,-0.44732,0.28006,0.0,2,AVANZAR,0.00732,1.10897
24.0,-0.44706,0.28006,0.0,2,AVANZAR,0.00706,1.10922
24.032,-0.44693,0.28006,0.0,2,AVANZAR,0.00693,1.10935
24.064,-0.44674,0.28006,0.00248,2,AVANZAR,0.00674,1.10955
24.096,-0.44655,0.28006,0.0,2,AVANZAR,0.00655,1.10974
24.128,-0.44642,0.28006,0.0,2,AVANZAR,0.00642,1.10987
24.16,-0.44622,0.28006,0.00248,2,AVANZAR,0.00622,1.11006
24.192,-0.44603,0.28006,0.0,2,AVANZAR,0.00603,1.11025
24.224,-0.4459,0.28006,0.0,2,AVANZAR,0.0059,1.11038
24.256,-0.44577,0.28006,0.0,2,AVANZAR,0.00577,1.11051
24.288,-0.44564,0.28006,0.0,2,AVANZAR,0.00564,1.11064
24.32,-0.44552,0.28006,0.0,2,AVANZAR,0.00552,1.11077
24.352,-0.44532,0.28006,0.00248,2,AVANZAR,0.00532,1.11096
24.384,-0.44519,0.28006,0.00248,2,AVANZAR,0.00519,1.11109
24.416,-0.44507,0.28006,0.00248,2,AVANZAR,0.00507,1.11122
24.448,-0.44,0.28006,0.00248,3,GIRAR,0.00494,1.11135
24.48,-0.44,0.28006,0.00248,3,GIRAR,1.56832,1.11135
24.512,-0.44,0.28006,0.03714,3,GIRAR,1.53366,1.11135
24.544,-0.44,0.28006,0.07675,3,GIRAR,1.49405,1.11135
24.576,-0.44,0.28006,0.11636,3,GIRAR,1.45444,1.11135
24.608,-0.44,0.28006,0.15597,3,GIRAR,1.41482,1.11135
24.64,-0.44,0.28006,0.19063,3,GIRAR,1.38016,1.11135
24.672,-0.44,0.28006,0.23025,3,GIRAR,1.34055,1.11135
24.704,-0.44,0.28006,0.26986,3,GIRAR,1.30094,1.11135
24.736,-0.44,0.28006,0.30947,3,GIRAR,1.26133,1.11135
24.768,-0.44,0.28006,0.34413,3,GIRAR,1.22666,1.11135
24.8,-0.44,0.28006,0.38374,3,GIRAR,1.18705,1.11135
24.832,-0.44,0.28006,0.42336,3,GIRAR,1.14744,1.11135
24.864,-0.44,0.28006,0.46297,3,GIRAR,1.10783,1.11135
24.896,-0.44,0.28006,0.49763,3,GIRAR,1.07317,1.11135
24.928,-0.44,0.28006,0.53724,3,GIRAR,1.03355,1.11135
24.96,-0.44,0.28006,0.57685,3,GIRAR,0.99394,1.11135
24.992,-0.44,0.28006,0.61647,3,GIRAR,0.95433,1.11135
25.024,-0.44,0.28006,0.65113,3,GIRAR,0.91967,1.11135
25.056,-0.44,0.28006,0.69074,3,GIRAR,0.88006,1.11135
25.088,-0.44,0.28006,0.73035,3,GIRAR,0.84044,1.11135
25.12,-0.44,0.28006,0.76996,3,GIRAR,0.80083,1.11135
25.152,-0.44,0.28006,0.80462,3,GIRAR,0.76617,1.11135
25.184,-0.44,0.28006,0.84424,3,GIRAR,0.72656,1.11135
25.216,-0.44,0.28006,0.88385,3,GIRAR,0.68695,1.11135
25.248,-0.44,0.28006,0.92346,3,GIRAR,0.64733,1.11135
25.28,-0.43996,0.28012,0.9606,3,GIRAR,0.6102,1.11141
25.312,-0.44,0.28006,0.99773,3,GIRAR,0.57306,1.11148
25.344,-0.44,0.28006,1.03735,3,GIRAR,0.53345,1.11148
25.376,-0.44,0.28006,1.07696,3,GIRAR,0.49384,1.11148
25.408,-0.43997,0.28012,1.1141,3,GIRAR,0.4567,1.11154
25.44,-0.44,0.28006,1.15123,3,GIRAR,0.41956,1.11161
25.472,-0.44,0.28006,1.19084,3,GIRAR,0.37995,1.11161
25.504,-0.44,0.28006,1.23046,3,GIRAR,0.34034,1.11161
25.536,-0.43998,0.28012,1.26759,3,GIRAR,0.3032,1.11167
25.568,-0.43999,0.28006,1.30473,3,GIRAR,0.26607,1.11173
25.6,-0.43999,0.28006,1.34434,3,GIRAR,0.22645,1.11173
25.632,-0.43999,0.28006,1.38395,3,GIRAR,0.18684,1.11173
25.664,-0.43998,0.28012,1.42109,3,GIRAR,0.1497,1.1118
25.696,-0.43999,0.28006,1.45823,3,GIRAR,0.11257,1.11186
25.728,-0.43999,0.28006,1.49784,3,GIRAR,0.07296,1.11186
25.76,-0.43999,0.28006,1.53745,3,GIRAR,0.03334,1.11186
25.792,-0.43999,0.28012,1.57459,3,GIRAR,0.0,1.11193
25.824,-0.43999,0.28006,1.61173,3,GIRAR,0.0,1.11199
25.856,-0.43999,0.28006,1.65134,3,GIRAR,0.0,1.11199
25.888,-0.43999,0.28006,1.69095,3,GIRAR,0.0,1.11199
25.92,-0.44,0.28012,1.5708,3,AVANZAR,0.0,1.11206
25.952,-0.44,0.28012,1.5708,3,AVANZAR,0.07988,1.11206
25.984,-0.44,0.28193,1.5708,3,AVANZAR,0.07807,1.11386
26.016,-0.44,0.28386,1.5708,3,AVANZAR,0.07614,1.11579
26.048,-0.44,0.28579,1.5708,3,AVANZAR,0.07421,1.11772
26.08,-0.44,0.28772,1.5708,3,AVANZAR,0.07228,1.11965
26.112,-0.44,0.28952,1.5708,3,AVANZAR,0.07048,1.12145
26.144,-0.44,0.29132,1.5708,3,AVANZAR,0.06868,1.12326
26.176,-0.44,0.29313,1.5708,3,AVANZAR,0.06687,1.12506
26.208,-0.44,0.2948,1.5708,3,AVANZAR,0.0652,1.12673
26.24,-0.44,0.29647,1.5708,3,AVANZAR,0.06353,1.12841
26.272,-0.44,0.29815,1.5708,3,AVANZAR,0.06185,1.13008
26.304,-0.44,0.29969,1.5708,3,AVANZAR,0.06031,1.13162
26.336,-0.44,0.30124,1.5708,3,AVANZAR,0.05876,1.13317
26.368,-0.44,0.30278,1.5708,3,AVANZAR,0.05722,1.13471
26.4,-0.44,0.3042,1.5708,3,AVANZAR,0.0558,1.13613
26.432,-0.44,0.30561,1.5708,3,AVANZAR,0.05439,1.13755
26.464,-0.44,0.30703,1.5708,3,AVANZAR,0.05297,1.13896
26.496,-0.44,0.30845,1.5708,3,AVANZAR,0.05155,1.14038
26.528,-0.44,0.30973,1.5708,3,AVANZAR,0.05027,1.14167
26.56,-0.44,0.31102,1.5708,3,AVANZAR,0.04898,1.14295
26.592,-0.44,0.31231,1.5708,3,AVANZAR,0.04769,1.14424
26.624,-0.44,0.31347,1.5708,3,AVANZAR,0.04653,1.1454
26.656,-0.44,0.31463,1.5708,3,AVANZAR,0.04537,1.14656
26.688,-0.44,0.31579,1.5708,3,AVANZAR,0.04421,1.14772
26.72,-0.44,0.31694,1.5708,3,AVANZAR,0.04306,1.14888
26.752,-0.44,0.3181,1.5708,3,AVANZAR,0.0419,1.15003
26.784,-0.44,0.31913,1.5708,3,AVANZAR,0.04087,1.15106
26.816,-0.44,0.32016,1.5708,3,AVANZAR,0.03984,1.15209
26.848,-0.44,0.32119,1.5708,3,AVANZAR,0.03881,1.15312
26.88,-0.44,0.32222,1.5708,3,AVANZAR,0.03778,1.15415
26.912,-0.44,0.32312,1.5708,3,AVANZAR,0.03688,1.15506
26.944,-0.44,0.32415,1.5708,3,AVANZAR,0.03585,1.15609
26.976,-0.44,0.32505,1.5708,3,AVANZAR,0.03495,1.15699
27.008,-0.44,0.32596,1.5708,3,AVANZAR,0.03404,1.15789
27.04,-0.44,0.32686,1.5708,3,AVANZAR,0.03314,1.15879
27.072,-0.44,0.32763,1.5708,3,AVANZAR,0.03237,1.15956
27.104,-0.44,0.32853,1.5708,3,AVANZAR,0.03147,1.16046
27.136,-0.44,0.3293,1.5708,3,AVANZAR,0.0307,1.16123
27.168,-0.44,0.33008,1.5708,3,AVANZAR,0.02992,1.16201
27.2,-0.44,0.33085,1.5708,3,AVANZAR,0.02915,1.16278
27.232,-0.44,0.33162,1.5708,3,AVANZAR,0.02838,1.16355
27.264,-0.44,0.33226,1.5708,3,AVANZAR,0.02774,1.1642
27.296,-0.44,0.33304,1.5708,3,AVANZAR,0.02696,1.16497
27.328,-0.44,0.33368,1.5708,3,AVANZAR,0.02632,1.16561
27.36,-0.44,0.33432,1.5708,3,AVANZAR,0.02568,1.16626
27.392,-0.44,0.3351,1.5708,3,AVANZAR,0.0249,1.16703
27.424,-0.44,0.33561,1.5708,3,AVANZAR,0.02439,1.16754
27.456,-0.44,0.33625,1.5708,3,AVANZAR,0.02375,1.16819
27.488,-0.44,0.3369,1.5708,3,AVANZAR,0.0231,1.16883
27.52,-0.44,0.33754,1.5708,3,AVANZAR,0.02246,1.16947
27.552,-0.44,0.33806,1.5708,3,AVANZAR,0.02194,1.16999
27.584,-0.44,0.33857,1.5708,3,AVANZAR,0.02143,1.1705
27.616,-0.44,0.33922,1.5708,3,AVANZAR,0.02078,1.17115
27.648,-0.44,0.33973,1.5708,3,AVANZAR,0.02027,1.17166
27.68,-0.44,0.34025,1.5708,3,AVANZAR,0.01975,1.17218
27.712,-0.44,0.34076,1.5708,3,AVANZAR,0.01924,1.17269
27.744,-0.44,0.34128,1.5708,3,AVANZAR,0.01872,1.17321
27.776,-0.44,0.34166,1.5708,3,AVANZAR,0.01834,1.17359
27.808,-0.44,0.34218,1.5708,3,AVANZAR,0.01782,1.17411
27.84,-0.44,0.34269,1.5708,3,AVANZAR,0.01731,1.17462
27.872,-0.44,0.34308,1.5708,3,AVANZAR,0.01692,1.17501
27.904,-0.44,0.34346,1.5708,3,AVANZAR,0.01654,1.1754
27.936,-0.44,0.34398,1.5708,3,AVANZAR,0.01602,1.17591
27.968,-0.44,0.34437,1.5708,3,AVANZAR,0.01563,1.1763
28.0,-0.44,0.34475,1.5708,3,AVANZAR,0.01525,1.17668
28.032,-0.44,0.34514,1.5708,3,AVANZAR,0.01486,1.17707
28.064,-0.44,0.34552,1.5708,3,AVANZAR,0.01448,1.17746
28.096,-0.44,0.34591,1.5708,3,AVANZAR,0.01409,1.17784
28.128,-0.44,0.3463,1.5708,3,AVANZAR,0.0137,1.17823
28.16,-0.44,0.34655,1.5708,3,AVANZAR,0.01345,1.17849
28.192,-0.44,0.34694,1.5708,3,AVANZAR,0.01306,1.17887
28.224,-0.44,0.34733,1.5708,3,AVANZAR,0.01267,1.17926
28.256,-0.44,0.34758,1.5708,3,AVANZAR,0.01242,1.17952
28.288,-0.44,0.34797,1.5708,3,AVANZAR,0.01203,1.1799
28.32,-0.44,0.34823,1.5708,3,AVANZAR,0.01177,1.18016
28.352,-0.44,0.34849,1.5708,3,AVANZAR,0.01151,1.18042
28.384,-0.44,0.34887,1.5708,3,AVANZAR,0.01113,1.1808
28.416,-0.44,0.34913,1.5708,3,AVANZAR,0.01087,1.18106
28.448,-0.44,0.34939,1.5708,3,AVANZAR,0.01061,1.18132
28.48,-0.44,0.34964,1.5708,3,AVANZAR,0.01036,1.18158
28.512,-0.44,0.3499,1.5708,3,AVANZAR,0.0101,1.18183
28.544,-0.44,0.35016,1.5708,3,AVANZAR,0.00984,1.18209
28.576,-0.44,0.35042,1.5708,3,AVANZAR,0.00958,1.18235
28.608,-0.44,0.35067,1.5708,3,AVANZAR,0.00933,1.18261
28.64,-0.44,0.35093,1.5708,3,AVANZAR,0.00907,1.18286
28.672,-0.44,0.35119,1.5708,3,AVANZAR,0.00881,1.18312
28.704,-0.44,0.35132,1.5708,3,AVANZAR,0.00868,1.18325
28.736,-0.44,0.35157,1.5708,3,AVANZAR,0.00843,1.18351
28.768,-0.44,0.35183,1.5708,3,AVANZAR,0.00817,1.18376
28.8,-0.44,0.35196,1.5708,3,AVANZAR,0.00804,1.18389
28.832,-0.44,0.35222,1.5708,3,AVANZAR,0.00778,1.18415
28.864,-0.44,0.35248,1.5708,3,AVANZAR,0.00752,1.18441
28.896,-0.44,0.3526,1.5708,3,AVANZAR,0.0074,1.18454
28.928,-0.44,0.35286,1.5708,3,AVANZAR,0.00714,1.18479
28.96,-0.44,0.35299,1.5708,3,AVANZAR,0.00701,1.18492
28.992,-0.44,0.35312,1.5708,3,AVANZAR,0.00688,1.18505
29.024,-0.44,0.35338,1.5708,3,AVANZAR,0.00662,1.18531
29.056,-0.44,0.35351,1.5708,3,AVANZAR,0.00649,1.18544
29.088,-0.44,0.35363,1.5708,3,AVANZAR,0.00637,1.18557
29.12,-0.44,0.35389,1.5708,3,AVANZAR,0.00611,1.18582
29.152,-0.44,0.35402,1.5708,3,AVANZAR,0.00598,1.18595
29.184,-0.44,0.35415,1.5708,3,AVANZAR,0.00585,1.18608
29.216,-0.44,0.35428,1.5708,3,AVANZAR,0.00572,1.18621
29.248,-0.44,0.35441,1.5708,3,AVANZAR,0.00559,1.18634
29.28,-0.44,0.35454,1.5708,3,AVANZAR,0.00546,1.18647
29.312,-0.44,0.35479,1.5708,3,AVANZAR,0.00521,1.18673
29.344,-0.44,0.35492,1.5708,3,AVANZAR,0.00508,1.18685
29.376,-0.44,0.36,1.5708,4,GIRAR,0.00495,1.18698
29.408,-0.44,0.36,1.5708,4,GIRAR,1.5708,1.18698
29.44,-0.44,0.35994,1.53366,4,GIRAR,1.53366,1.18705
29.472,-0.44,0.35994,1.49405,4,GIRAR,1.49405,1.18705
29.504,-0.44,0.35994,1.45444,4,GIRAR,1.45444,1.18705
29.536,-0.43999,0.36,1.4173,4,GIRAR,1.4173,1.18711
29.568,-0.44,0.35994,1.38016,4,GIRAR,1.38016,1.18718
29.6,-0.44,0.35994,1.34055,4,GIRAR,1.34055,1.18718
29.632,-0.44,0.35994,1.30094,4,GIRAR,1.30094,1.18718
29.664,-0.43998,0.36,1.2638,4,GIRAR,1.2638,1.18724
29.696,-0.44,0.35994,1.22666,4,GIRAR,1.22666,1.1873
29.728,-0.44,0.35994,1.18705,4,GIRAR,1.18705,1.1873
29.76,-0.44,0.35994,1.14744,4,GIRAR,1.14744,1.1873
29.792,-0.43998,0.35999,1.1103,4,GIRAR,1.1103,1.18737
29.824,-0.44001,0.35994,1.07317,4,GIRAR,1.07317,1.18743
29.856,-0.44001,0.35994,1.03355,4,GIRAR,1.03355,1.18743
29.888,-0.44001,0.35994,0.99394,4,GIRAR,0.99394,1.18743
29.92,-0.43997,0.35999,0.95681,4,GIRAR,0.95681,1.1875
29.952,-0.44001,0.35994,0.91967,4,GIRAR,0.91967,1.18756
29.984,-0.44001,0.35994,0.88006,4,GIRAR,0.88006,1.18756
30.016,-0.44001,0.35994,0.84044,4,GIRAR,0.84044,1.18756
30.048,-0.43996,0.35999,0.80331,4,GIRAR,0.80331,1.18763
30.08,-0.44001,0.35994,0.76617,4,GIRAR,0.76617,1.18769
30.112,-0.44001,0.35994,0.72656,4,GIRAR,0.72656,1.18769
30.144,-0.44001,0.35994,0.68695,4,GIRAR,0.68695,1.18769
30.176,-0.43996,0.35998,0.64981,4,GIRAR,0.64981,1.18776
30.208,-0.44001,0.35994,0.61267,4,GIRAR,0.61267,1.18782
30.24,-0.44001,0.35994,0.57306,4,GIRAR,0.57306,1.18782
30.272,-0.44001,0.35994,0.53345,4,GIRAR,0.53345,1.18782
30.304,-0.44001,0.35994,0.49384,4,GIRAR,0.49384,1.18782
30.336,-0.44001,0.35994,0.45918,4,GIRAR,0.45918,1.18782
30.368,-0.44001,0.35994,0.41956,4,GIRAR,0.41956,1.18782
30.4,-0.44001,0.35994,0.37995,4,GIRAR,0.37995,1.18782
30.432,-0.44001,0.35994,0.34034,4,GIRAR,0.34034,1.18782
30.464,-0.44001,0.35994,0.30568,4,GIRAR,0.30568,1.18782
30.496,-0.44001,0.35994,0.26607,4,GIRAR,0.26607,1.18782
30.528,-0.44001,0.35994,0.22645,4,GIRAR,0.22645,1.18782
30.56,-0.44001,0.35994,0.18684,4,GIRAR,0.18684,1.18782
30.592,-0.44001,0.35994,0.15218,4,GIRAR,0.15218,1.18782
30.624,-0.44001,0.35994,0.11257,4,GIRAR,0.11257,1.18782
30.656,-0.44001,0.35994,0.07296,4,GIRAR,0.07296,1.18782
30.688,-0.44001,0.35994,0.03334,4,GIRAR,0.03334,1.18782
30.72,-0.44001,0.35994,-0.00132,4,GIRAR,0.0,1.18782
30.752,-0.44001,0.35994,-0.04093,4,GIRAR,0.0,1.18782
30.784,-0.44001,0.35994,-0.08054,4,GIRAR,0.0,1.18782
30.816,-0.44001,0.35994,-0.12015,4,GIRAR,0.0,1.18782
30.848,-0.44001,0.35994,0.0,4,AVANZAR,0.0,1.18782
30.88,-0.44001,0.35994,0.0,4,AVANZAR,0.24001,1.18782
30.912,-0.43808,0.35994,0.0,4,AVANZAR,0.23808,1.18975
30.944,-0.43621,0.35994,-0.00248,4,AVANZAR,0.23621,1.19162
30.976,-0.43428,0.35994,-0.00248,4,AVANZAR,0.23428,1.19355
31.008,-0.43235,0.35993,-0.00248,4,AVANZAR,0.23235,1.19548
31.04,-0.43042,0.35993,-0.00248,4,AVANZAR,0.23042,1.19741
31.072,-0.42849,0.35992,-0.00248,4,AVANZAR,0.22849,1.19934
31.104,-0.42656,0.35992,-0.00248,4,AVANZAR,0.22656,1.20127
31.136,-0.42463,0.35991,-0.00248,4,AVANZAR,0.22463,1.2032
31.168,-0.4227,0.35991,-0.00248,4,AVANZAR,0.2227,1.20514
31.2,-0.42076,0.3599,-0.00248,4,AVANZAR,0.22076,1.20707
31.232,-0.4189,0.3599,0.0,4,AVANZAR,0.2189,1.20893
31.264,-0.41697,0.3599,0.0,4,AVANZAR,0.21697,1.21086
31.296,-0.4151,0.3599,-0.00248,4,AVANZAR,0.2151,1.21273
31.328,-0.41317,0.35989,-0.00248,4,AVANZAR,0.21317,1.21466
31.36,-0.41124,0.35989,-0.00248,4,AVANZAR,0.21124,1.21659
31.392,-0.40931,0.35988,-0.00248,4,AVANZAR,0.20931,1.21852
31.424,-0.40738,0.35988,-0.00248,4,AVANZAR,0.20738,1.22046
31.456,-0.40544,0.35987,-0.00248,4,AVANZAR,0.20544,1.22239
31.488,-0.40351,0.35987,-0.00248,4,AVANZAR,0.20351,1.22432
31.52,-0.40158,0.35986,-0.00248,4,AVANZAR,0.20158,1.22625
31.552,-0.39972,0.35986,0.0,4,AVANZAR,0.19972,1.22812
31.584,-0.39778,0.35986,0.0,4,AVANZAR,0.19778,1.23005
31.616,-0.39592,0.35986,-0.00248,4,AVANZAR,0.19592,1.23191
31.648,-0.39399,0.35985,-0.00248,4,AVANZAR,0.19399,1.23384
31.68,-0.39206,0.35985,-0.00248,4,AVANZAR,0.19206,1.23578
31.712,-0.39012,0.35985,-0.00248,4,AVANZAR,0.19012,1.23771
31.744,-0.38819,0.35984,-0.00248,4,AVANZAR,0.18819,1.23964
31.776,-0.38626,0.35984,-0.00248,4,AVANZAR,0.18626,1.24157
31.808,-0.38433,0.35983,-0.00248,4,AVANZAR,0.18433,1.2435
31.84,-0.3824,0.35983,-0.00248,4,AVANZAR,0.1824,1.24543
31.872,-0.38053,0.35982,0.0,4,AVANZAR,0.18053,1.2473
31.904,-0.3786,0.35982,0.0,4,AVANZAR,0.1786,1.24923
31.936,-0.37674,0.35982,-0.00248,4,AVANZAR,0.17674,1.2511
31.968,-0.3748,0.35982,-0.00248,4,AVANZAR,0.1748,1.25303
32.0,-0.37287,0.35981,-0.00248,4,AVANZAR,0.17287,1.25496
32.032,-0.37094,0.35981,-0.00248,4,AVANZAR,0.17094,1.25689
32.064,-0.36901,0.3598,-0.00248,4,AVANZAR,0.16901,1.25882
32.096,-0.36708,0.3598,-0.00248,4,AVANZAR,0.16708,1.26075
32.128,-0.36515,0.35979,-0.00248,4,AVANZAR,0.16515,1.26268
32.16,-0.36322,0.35979,-0.00248,4,AVANZAR,0.16322,1.26461
32.192,-0.36135,0.35979,0.0,4,AVANZAR,0.16135,1.26648
32.224,-0.35942,0.35979,0.0,4,AVANZAR,0.15942,1.26841
32.256,-0.35749,0.35979,0.0,4,AVANZAR,0.15749,1.27034
32.288,-0.35562,0.35978,-0.00248,4,AVANZAR,0.15562,1.27221
32.32,-0.35369,0.35978,-0.00248,4,AVANZAR,0.15369,1.27414
32.352,-0.35176,0.35977,-0.00248,4,AVANZAR,0.15176,1.27607
32.384,-0.34983,0.35977,-0.00248,4,AVANZAR,0.14983,1.278
32.416,-0.3479,0.35976,-0.00248,4,AVANZAR,0.1479,1.27993
32.448,-0.34597,0.35976,-0.00248,4,AVANZAR,0.14597,1.28186
32.48,-0.34404,0.35975,-0.00248,4,AVANZAR,0.14404,1.2838
32.512,-0.3421,0.35975,-0.00248,4,AVANZAR,0.1421,1.28573
32.544,-0.34024,0.35975,0.0,4,AVANZAR,0.14024,1.28759
32.576,-0.33831,0.35975,0.0,4,AVANZAR,0.13831,1.28952
32.608,-0.33644,0.35975,-0.00248,4,AVANZAR,0.13644,1.29139
32.64,-0.33451,0.35974,-0.00248,4,AVANZAR,0.13451,1.29332
32.672,-0.33258,0.35974,-0.00248,4,AVANZAR,0.13258,1.29525
32.704,-0.33065,0.35973,-0.00248,4,AVANZAR,0.13065,1.29718
32.736,-0.32872,0.35973,-0.00248,4,AVANZAR,0.12872,1.29912
32.768,-0.32678,0.35972,-0.00248,4,AVANZAR,0.12678,1.30105
32.8,-0.32485,0.35972,-0.00248,4,AVANZAR,0.12485,1.30298
32.832,-0.32292,0.35971,-0.00248,4,AVANZAR,0.12292,1.30491
32.864,-0.32106,0.35971,0.0,4,AVANZAR,0.12106,1.30678
32.896,-0.31912,0.35971,0.0,4,AVANZAR,0.11912,1.30871
32.928,-0.31726,0.35971,-0.00248,4,AVANZAR,0.11726,1.31057
32.96,-0.31533,0.3597,-0.00248,4,AVANZAR,0.11533,1.3125
32.992,-0.3134,0.3597,-0.00248,4,AVANZAR,0.1134,1.31444
33.024,-0.31146,0.35969,-0.00248,4,AVANZAR,0.11146,1.31637
33.056,-0.30953,0.35969,-0.00248,4,AVANZAR,0.10953,1.3183
33.088,-0.3076,0.35968,-0.00248,4,AVANZAR,0.1076,1.32023
33.12,-0.30567,0.35968,-0.00248,4,AVANZAR,0.10567,1.32216
33.152,-0.30374,0.35967,-0.00248,4,AVANZAR,0.10374,1.32409
33.184,-0.30187,0.35967,0.0,4,AVANZAR,0.10187,1.32596
33.216,-0.29994,0.35967,0.0,4,AVANZAR,0.09994,1.32789
33.248,-0.29808,0.35967,-0.00248,4,AVANZAR,0.09808,1.32976
33.28,-0.29614,0.35966,-0.00248,4,AVANZAR,0.09614,1.33169
33.312,-0.29421,0.35966,-0.00248,4,AVANZAR,0.09421,1.33362
33.344,-0.29228,0.35965,-0.00248,4,AVANZAR,0.09228,1.33555
33.376,-0.29035,0.35965,-0.00248,4,AVANZAR,0.09035,1.33748
33.408,-0.28842,0.35965,-0.00248,4,AVANZAR,0.08842,1.33941
33.44,-0.28649,0.35964,-0.00248,4,AVANZAR,0.08649,1.34134
33.472,-0.28456,0.35964,-0.00248,4,AVANZAR,0.08456,1.34327
33.504,-0.28263,0.35963,-0.00248,4,AVANZAR,0.08263,1.3452
33.536,-0.28076,0.35963,0.0,4,AVANZAR,0.08076,1.34707
33.568,-0.27883,0.35963,0.0,4,AVANZAR,0.07883,1.349
33.6,-0.27696,0.35963,-0.00248,4,AVANZAR,0.07696,1.35087
33.632,-0.27503,0.35962,-0.00248,4,AVANZAR,0.07503,1.3528
33.664,-0.2731,0.35962,-0.00248,4,AVANZAR,0.0731,1.35473
33.696,-0.27117,0.35961,-0.00248,4,AVANZAR,0.07117,1.35666
33.728,-0.26937,0.35961,-0.00248,4,AVANZAR,0.06937,1.35846
33.76,-0.26763,0.35961,0.0,4,AVANZAR,0.06763,1.3602
33.792,-0.26589,0.3596,-0.00248,4,AVANZAR,0.06589,1.36194
33.824,-0.26422,0.3596,-0.00248,4,AVANZAR,0.06422,1.36361
33.856,-0.26254,0.35959,-0.00248,4,AVANZAR,0.06254,1.36529
33.888,-0.261,0.35959,-0.00248,4,AVANZAR,0.061,1.36683
33.92,-0.25939,0.35959,0.0,4,AVANZAR,0.05939,1.36844
33.952,-0.25791,0.35959,-0.00248,4,AVANZAR,0.05791,1.36992
33.984,-0.25636,0.35958,-0.00248,4,AVANZAR,0.05636,1.37147
34.016,-0.25495,0.35958,-0.00248,4,AVANZAR,0.05495,1.37288
34.048,-0.25353,0.35958,-0.00248,4,AVANZAR,0.05353,1.3743
34.08,-0.25218,0.35957,0.0,4,AVANZAR,0.05218,1.37565
34.112,-0.25083,0.35957,-0.00248,4,AVANZAR,0.05083,1.377
34.144,-0.24954,0.35957,-0.00248,4,AVANZAR,0.04954,1.37829
34.176,-0.24825,0.35957,-0.00248,4,AVANZAR,0.04825,1.37958
34.208,-0.24703,0.35957,0.0,4,AVANZAR,0.04703,1.3808
34.24,-0.24581,0.35956,-0.00248,4,AVANZAR,0.04581,1.38202
34.272,-0.24465,0.35956,-0.00248,4,AVANZAR,0.04465,1.38318
34.304,-0.24349,0.35956,-0.00248,4,AVANZAR,0.04349,1.38434
34.336,-0.2424,0.35956,0.0,4,AVANZAR,0.0424,1.38544
34.368,-0.2413,0.35956,-0.00248,4,AVANZAR,0.0413,1.38653
34.4,-0.24027,0.35955,-0.00248,4,AVANZAR,0.04027,1.38756
34.432,-0.23924,0.35955,-0.00248,4,AVANZAR,0.03924,1.38859
34.464,-0.23821,0.35955,-0.00248,4,AVANZAR,0.03821,1.38962
34.496,-0.23725,0.35955,0.0,4,AVANZAR,0.03725,1.39059
34.528,-0.23628,0.35955,-0.00248,4,AVANZAR,0.03628,1.39155
34.56,-0.23538,0.35954,-0.00248,4,AVANZAR,0.03538,1.39245
34.592,-0.23448,0.35954,-0.00248,4,AVANZAR,0.03448,1.39335
34.624,-0.23358,0.35954,-0.00248,4,AVANZAR,0.03358,1.39425
34.656,-0.23268,0.35954,-0.00248,4,AVANZAR,0.03268,1.39516
34.688,-0.2319,0.35953,-0.00248,4,AVANZAR,0.0319,1.39593
34.72,-0.23107,0.35953,0.0,4,AVANZAR,0.03107,1.39676
34.752,-0.23023,0.35953,-0.00248,4,AVANZAR,0.03023,1.3976
34.784,-0.22946,0.35953,-0.00248,4,AVANZAR,0.02946,1.39837
34.816,-0.22875,0.35953,0.0,4,AVANZAR,0.02875,1.39908
34.848,-0.22804,0.35953,-0.00248,4,AVANZAR,0.02804,1.39979
34.88,-0.22727,0.35953,-0.00248,4,AVANZAR,0.02727,1.40056
34.912,-0.22662,0.35952,-0.00248,4,AVANZAR,0.02662,1.40121
34.944,-0.22592,0.35952,0.0,4,AVANZAR,0.02592,1.40191
34.976,-0.22521,0.35952,-0.00248,4,AVANZAR,0.02521,1.40262
35.008,-0.22456,0.35952,-0.00248,4,AVANZAR,0.02456,1.40327
35.04,-0.22399,0.35952,0.0,4,AVANZAR,0.02399,1.40385
35.072,-0.22341,0.35952,-0.00248,4,AVANZAR,0.02341,1.40442
35.104,-0.22276,0.35952,-0.00248,4,AVANZAR,0.02276,1.40507
35.136,-0.22218,0.35952,0.0,4,AVANZAR,0.02218,1.40565
35.168,-0.2216,0.35952,-0.00248,4,AVANZAR,0.0216,1.40623
35.2,-0.22109,0.35952,-0.00248,4,AVANZAR,0.02109,1.40674
35.232,-0.22051,0.35952,0.0,4,AVANZAR,0.02051,1.40732
35.264,-0.21999,0.35952,0.0,4,AVANZAR,0.01999,1.40784
35.296,-0.21948,0.35952,0.0,4,AVANZAR,0.01948,1.40835
35.328,-0.21903,0.35951,-0.00248,4,AVANZAR,0.01903,1.4088
35.36,-0.21851,0.35951,-0.00248,4,AVANZAR,0.01851,1.40932
35.392,-0.218,0.35951,-0.00248,4,AVANZAR,0.018,1.40983
35.424,-0.21761,0.35951,-0.00248,4,AVANZAR,0.01761,1.41022
35.456,-0.2171,0.35951,-0.00248,4,AVANZAR,0.0171,1.41073
35.488,-0.21671,0.35951,-0.00248,4,AVANZAR,0.01671,1.41112
35.52,-0.2162,0.35951,-0.00248,4,AVANZAR,0.0162,1.41163
35.552,-0.21581,0.35951,-0.00248,4,AVANZAR,0.01581,1.41202
35.584,-0.21542,0.35951,-0.00248,4,AVANZAR,0.01542,1.41241
35.616,-0.21504,0.3595,-0.00248,4,AVANZAR,0.01504,1.41279
35.648,-0.21465,0.3595,-0.00248,4,AVANZAR,0.01465,1.41318
35.68,-0.21427,0.3595,-0.00248,4,AVANZAR,0.01427,1.41357
35.712,-0.21388,0.3595,-0.00248,4,AVANZAR,0.01388,1.41395
35.744,-0.21356,0.3595,0.0,4,AVANZAR,0.01356,1.41427
35.776,-0.21324,0.3595,-0.00248,4,AVANZAR,0.01324,1.4146
35.808,-0.21285,0.3595,-0.00248,4,AVANZAR,0.01285,1.41498
35.84,-0.21253,0.3595,0.0,4,AVANZAR,0.01253,1.4153
35.872,-0.21221,0.3595,-0.00248,4,AVANZAR,0.01221,1.41563
35.904,-0.21195,0.3595,-0.00248,4,AVANZAR,0.01195,1.41588
35.936,-0.21156,0.3595,-0.00248,4,AVANZAR,0.01156,1.41627
35.968,-0.2113,0.3595,-0.00248,4,AVANZAR,0.0113,1.41653
36.0,-0.21105,0.3595,-0.00248,4,AVANZAR,0.01105,1.41678
36.032,-0.21073,0.3595,0.0,4,AVANZAR,0.01073,1.41711
36.064,-0.2104,0.3595,-0.00248,4,AVANZAR,0.0104,1.41743
36.096,-0.21015,0.35949,-0.00248,4,AVANZAR,0.01015,1.41768
36.128,-0.20989,0.35949,-0.00248,4,AVANZAR,0.00989,1.41794
36.16,-0.20963,0.35949,-0.00248,4,AVANZAR,0.00963,1.4182
36.192,-0.20944,0.35949,0.0,4,AVANZAR,0.00944,1.41839
36.224,-0.20918,0.35949,0.0,4,AVANZAR,0.00918,1.41865
36.256,-0.20899,0.35949,-0.00248,4,AVANZAR,0.00899,1.41884
36.288,-0.20873,0.35949,-0.00248,4,AVANZAR,0.00873,1.4191
36.32,-0.20847,0.35949,-0.00248,4,AVANZAR,0.00847,1.41936
36.352,-0.20828,0.35949,0.0,4,AVANZAR,0.00828,1.41955
36.384,-0.20809,0.35949,-0.00248,4,AVANZAR,0.00809,1.41974
36.416,-0.20783,0.35949,-0.00248,4,AVANZAR,0.00783,1.42
36.448,-0.2077,0.35949,-0.00248,4,AVANZAR,0.0077,1.42013
36.48,-0.20744,0.35949,-0.00248,4,AVANZAR,0.00744,1.42039
36.512,-0.20731,0.35949,-0.00248,4,AVANZAR,0.00731,1.42052
36.544,-0.20706,0.35949,-0.00248,4,AVANZAR,0.00706,1.42077
36.576,-0.20693,0.35949,-0.00248,4,AVANZAR,0.00693,1.4209
36.608,-0.20673,0.35949,0.0,4,AVANZAR,0.00673,1.4211
36.64,-0.20654,0.35949,-0.00248,4,AVANZAR,0.00654,1.42129
36.672,-0.20641,0.35949,-0.00248,4,AVANZAR,0.00641,1.42142
36.704,-0.20622,0.35949,0.0,4,AVANZAR,0.00622,1.42161
36.736,-0.20603,0.35949,-0.00248,4,AVANZAR,0.00603,1.4218
36.768,-0.2059,0.35949,-0.00248,4,AVANZAR,0.0059,1.42193
36.8,-0.20577,0.35949,-0.00248,4,AVANZAR,0.00577,1.42206
36.832,-0.20564,0.35949,-0.00248,4,AVANZAR,0.00564,1.42219
36.864,-0.20551,0.35949,-0.00248,4,AVANZAR,0.00551,1.42232
36.896,-0.20532,0.35949,0.0,4,AVANZAR,0.00532,1.42251
36.928,-0.20519,0.35949,0.0,4,AVANZAR,0.00519,1.42264
36.96,-0.20506,0.35949,0.0,4,AVANZAR,0.00506,1.42277
36.992,-0.2,0.35949,0.0,5,GIRAR,0.00493,1.4229
37.024,-0.2,0.35949,0.0,5,GIRAR,1.5708,1.4229
37.056,-0.2,0.35949,0.03466,5,GIRAR,1.53614,1.4229
37.088,-0.2,0.35949,0.07427,5,GIRAR,1.49652,1.4229
37.12,-0.2,0.35949,0.11389,5,GIRAR,1.45691,1.4229
37.152,-0.2,0.35949,0.1535,5,GIRAR,1.4173,1.4229
37.184,-0.2,0.35949,0.18816,5,GIRAR,1.38264,1.4229
37.216,-0.2,0.35949,0.22777,5,GIRAR,1.34303,1.4229
37.248,-0.2,0.35949,0.26738,5,GIRAR,1.30341,1.4229
37.28,-0.2,0.35949,0.307,5,GIRAR,1.2638,1.4229
37.312,-0.2,0.35949,0.34166,5,GIRAR,1.22914,1.4229
37.344,-0.2,0.35949,0.38127,5,GIRAR,1.18953,1.4229
37.376,-0.2,0.35949,0.42088,5,GIRAR,1.14992,1.4229
37.408,-0.2,0.35949,0.46049,5,GIRAR,1.1103,1.4229
37.44,-0.2,0.35949,0.49515,5,GIRAR,1.07564,1.4229
37.472,-0.2,0.35949,0.53477,5,GIRAR,1.03603,1.4229
37.504,-0.2,0.35949,0.57438,5,GIRAR,0.99642,1.4229
37.536,-0.2,0.35949,0.61399,5,GIRAR,0.95681,1.4229
37.568,-0.2,0.35949,0.64865,5,GIRAR,0.92214,1.4229
37.6,-0.2,0.35949,0.68826,5,GIRAR,0.88253,1.4229
37.632,-0.2,0.35949,0.72788,5,GIRAR,0.84292,1.4229
37.664,-0.2,0.35949,0.76749,5,GIRAR,0.80331,1.4229
37.696,-0.2,0.35949,0.80215,5,GIRAR,0.76865,1.4229
37.728,-0.2,0.35949,0.84176,5,GIRAR,0.72903,1.4229
37.76,-0.2,0.35949,0.88137,5,GIRAR,0.68942,1.4229
37.792,-0.2,0.35949,0.92099,5,GIRAR,0.64981,1.4229
37.824,-0.2,0.35949,0.95565,5,GIRAR,0.61515,1.4229
37.856,-0.2,0.35949,0.99526,5,GIRAR,0.57554,1.4229
37.888,-0.2,0.35949,1.03487,5,GIRAR,0.53592,1.4229
37.92,-0.2,0.35949,1.07448,5,GIRAR,0.49631,1.4229
37.952,-0.2,0.35949,1.10914,5,GIRAR,0.46165,1.4229
37.984,-0.2,0.35949,1.14876,5,GIRAR,0.42204,1.4229
38.016,-0.2,0.35949,1.18837,5,GIRAR,0.38243,1.4229
38.048,-0.2,0.35949,1.22798,5,GIRAR,0.34281,1.4229
38.08,-0.2,0.35949,1.26264,5,GIRAR,0.30815,1.4229
38.112,-0.2,0.35949,1.30225,5,GIRAR,0.26854,1.4229
38.144,-0.2,0.35949,1.34187,5,GIRAR,0.22893,1.4229
38.176,-0.2,0.35949,1.38148,5,GIRAR,0.18932,1.4229
38.208,-0.2,0.35949,1.41614,5,GIRAR,0.15466,1.4229
38.24,-0.2,0.35949,1.45575,5,GIRAR,0.11504,1.4229
38.272,-0.2,0.35949,1.49536,5,GIRAR,0.07543,1.4229
38.304,-0.2,0.35949,1.53498,5,GIRAR,0.03582,1.4229
38.336,-0.2,0.35949,1.56964,5,GIRAR,0.00116,1.4229
38.368,-0.2,0.35949,1.60925,5,GIRAR,0.0,1.4229
38.4,-0.2,0.35949,1.64886,5,GIRAR,0.0,1.4229
38.432,-0.2,0.35949,1.68847,5,GIRAR,0.0,1.4229
38.464,-0.20001,0.35955,1.5708,5,AVANZAR,0.0,1.42296
38.496,-0.20001,0.35955,1.5708,5,AVANZAR,0.24045,1.42296
38.528,-0.20001,0.36135,1.5708,5,AVANZAR,0.23865,1.42477
38.56,-0.20001,0.36328,1.5708,5,AVANZAR,0.23672,1.4267
38.592,-0.20001,0.36521,1.5708,5,AVANZAR,0.23479,1.42863
38.624,-0.20001,0.36715,1.5708,5,AVANZAR,0.23285,1.43056
38.656,-0.20001,0.36908,1.5708,5,AVANZAR,0.23092,1.43249
38.688,-0.20001,0.37101,1.5708,5,AVANZAR,0.22899,1.43442
38.72,-0.20001,0.37294,1.5708,5,AVANZAR,0.22706,1.43635
38.752,-0.20001,0.37487,1.5708,5,AVANZAR,0.22513,1.43828
38.784,-0.20001,0.3768,1.5708,5,AVANZAR,0.2232,1.44021
38.816,-0.20001,0.37873,1.5708,5,AVANZAR,0.22127,1.44215
38.848,-0.20001,0.38053,1.5708,5,AVANZAR,0.21947,1.44395
38.88,-0.20001,0.38247,1.5708,5,AVANZAR,0.21753,1.44588
38.912,-0.20001,0.3844,1.5708,5,AVANZAR,0.2156,1.44781
38.944,-0.20001,0.38633,1.5708,5,AVANZAR,0.21367,1.44974
38.976,-0.20001,0.38826,1.5708,5,AVANZAR,0.21174,1.45167
39.008,-0.20001,0.39019,1.5708,5,AVANZAR,0.20981,1.4536
39.04,-0.20001,0.39212,1.5708,5,AVANZAR,0.20788,1.45553
39.072,-0.20001,0.39405,1.5708,5,AVANZAR,0.20595,1.45747
39.104,-0.20001,0.39598,1.5708,5,AVANZAR,0.20402,1.4594
39.136,-0.20001,0.39791,1.5708,5,AVANZAR,0.20209,1.46133
39.168,-0.20001,0.39972,1.5708,5,AVANZAR,0.20028,1.46313
39.2,-0.20001,0.40165,1.5708,5,AVANZAR,0.19835,1.46506
39.232,-0.20001,0.40358,1.5708,5,AVANZAR,0.19642,1.46699
39.264,-0.20001,0.40551,1.5708,5,AVANZAR,0.19449,1.46892
39.296,-0.20001,0.40744,1.5708,5,AVANZAR,0.19256,1.47085
39.328,-0.20001,0.40937,1.5708,5,AVANZAR,0.19063,1.47279
39.36,-0.20001,0.4113,1.5708,5,AVANZAR,0.1887,1.47472
39.392,-0.20001,0.41323,1.5708,5,AVANZAR,0.18677,1.47665
39.424,-0.20001,0.41517,1.5708,5,AVANZAR,0.18483,1.47858
39.456,-0.20001,0.4171,1.5708,5,AVANZAR,0.1829,1.48051
39.488,-0.20001,0.41903,1.5708,5,AVANZAR,0.18097,1.48244
39.52,-0.20001,0.42083,1.5708,5,AVANZAR,0.17917,1.48424
39.552,-0.20001,0.42276,1.5708,5,AVANZAR,0.17724,1.48617
39.584,-0.20001,0.42469,1.5708,5,AVANZAR,0.17531,1.48811
39.616,-0.20001,0.42662,1.5708,5,AVANZAR,0.17338,1.49004
39.648,-0.20001,0.42855,1.5708,5,AVANZAR,0.17145,1.49197
39.68,-0.20001,0.43049,1.5708,5,AVANZAR,0.16951,1.4939
39.712,-0.20001,0.43242,1.5708,5,AVANZAR,0.16758,1.49583
39.744,-0.20001,0.43435,1.5708,5,AVANZAR,0.16565,1.49776
39.776,-0.20001,0.43628,1.5708,5,AVANZAR,0.16372,1.49969
39.808,-0.20001,0.43821,1.5708,5,AVANZAR,0.16179,1.50162
39.84,-0.20001,0.44001,1.5708,5,AVANZAR,0.15999,1.50343
39.872,-0.20001,0.44194,1.5708,5,AVANZAR,0.15806,1.50536
39.904,-0.20001,0.44387,1.5708,5,AVANZAR,0.15613,1.50729
39.936,-0.20001,0.44581,1.5708,5,AVANZAR,0.15419,1.50922
39.968,-0.20001,0.44774,1.5708,5,AVANZAR,0.15226,1.51115
40.0,-0.20001,0.44967,1.5708,5,AVANZAR,0.15033,1.51308
40.032,-0.20001,0.4516,1.5708,5,AVANZAR,0.1484,1.51501
40.064,-0.20001,0.45353,1.5708,5,AVANZAR,0.14647,1.51694
40.096,-0.20001,0.45546,1.5708,5,AVANZAR,0.14454,1.51887
40.128,-0.20001,0.45739,1.5708,5,AVANZAR,0.14261,1.52081
40.16,-0.20001,0.45919,1.5708,5,AVANZAR,0.14081,1.52261
40.192,-0.20001,0.46113,1.5708,5,AVANZAR,0.13887,1.52454
40.224,-0.20001,0.46306,1.5708,5,AVANZAR,0.13694,1.52647
40.256,-0.20001,0.46499,1.5708,5,AVANZAR,0.13501,1.5284
40.288,-0.20001,0.46692,1.5708,5,AVANZAR,0.13308,1.53033
40.32,-0.20001,0.46885,1.5708,5,AVANZAR,0.13115,1.53226
40.352,-0.20001,0.47078,1.5708,5,AVANZAR,0.12922,1.53419
40.384,-0.20001,0.47271,1.5708,5,AVANZAR,0.12729,1.53613
40.416,-0.20001,0.47464,1.5708,5,AVANZAR,0.12536,1.53806
40.448,-0.20001,0.47657,1.5708,5,AVANZAR,0.12343,1.53999
40.48,-0.20001,0.47838,1.5708,5,AVANZAR,0.12162,1.54179
40.512,-0.20001,0.48031,1.5708,5,AVANZAR,0.11969,1.54372
40.544,-0.20001,0.48224,1.5708,5,AVANZAR,0.11776,1.54565
40.576,-0.20001,0.48417,1.5708,5,AVANZAR,0.11583,1.54758
40.608,-0.20001,0.4861,1.5708,5,AVANZAR,0.1139,1.54951
40.64,-0.20001,0.48803,1.5708,5,AVANZAR,0.11197,1.55145
40.672,-0.20001,0.48996,1.5708,5,AVANZAR,0.11004,1.55338
40.704,-0.20001,0.49189,1.5708,5,AVANZAR,0.10811,1.55531
40.736,-0.20001,0.49383,1.5708,5,AVANZAR,0.10617,1.55724
40.768,-0.20001,0.49576,1.5708,5,AVANZAR,0.10424,1.55917
40.8,-0.20001,0.49769,1.5708,5,AVANZAR,0.10231,1.5611
40.832,-0.20001,0.49949,1.5708,5,AVANZAR,0.10051,1.5629
40.864,-0.20001,0.50142,1.5708,5,AVANZAR,0.09858,1.56483
40.896,-0.20001,0.50335,1.5708,5,AVANZAR,0.09665,1.56677
40.928,-0.20001,0.50528,1.5708,5,AVANZAR,0.09472,1.5687
40.96,-0.20001,0.50721,1.5708,5,AVANZAR,0.09279,1.57063
40.992,-0.20001,0.50915,1.5708,5,AVANZAR,0.09085,1.57256
41.024,-0.20001,0.51108,1.5708,5,AVANZAR,0.08892,1.57449
41.056,-0.20001,0.51301,1.5708,5,AVANZAR,0.08699,1.57642
41.088,-0.20001,0.51494,1.5708,5,AVANZAR,0.08506,1.57835
41.12,-0.20001,0.51687,1.5708,5,AVANZAR,0.08313,1.58028
41.152,-0.20001,0.51867,1.5708,5,AVANZAR,0.08133,1.58209
41.184,-0.20001,0.5206,1.5708,5,AVANZAR,0.0794,1.58402
41.216,-0.20001,0.52253,1.5708,5,AVANZAR,0.07747,1.58595
41.248,-0.20001,0.52447,1.5708,5,AVANZAR,0.07553,1.58788
41.28,-0.20001,0.5264,1.5708,5,AVANZAR,0.0736,1.58981
41.312,-0.20001,0.52833,1.5708,5,AVANZAR,0.07167,1.59174
41.344,-0.20001,0.53013,1.5708,5,AVANZAR,0.06987,1.59354
41.376,-0.20001,0.53193,1.5708,5,AVANZAR,0.06807,1.59535
41.408,-0.20001,0.53361,1.5708,5,AVANZAR,0.06639,1.59702
41.44,-0.20001,0.53541,1.5708,5,AVANZAR,0.06459,1.59882
41.472,-0.20001,0.53695,1.5708,5,AVANZAR,0.06305,1.60037
41.504,-0.20001,0.53863,1.5708,5,AVANZAR,0.06137,1.60204
41.536,-0.20001,0.54017,1.5708,5,AVANZAR,0.05983,1.60359
41.568,-0.20001,0.54172,1.5708,5,AVANZAR,0.05828,1.60513
41.6,-0.20001,0.54326,1.5708,5,AVANZAR,0.05674,1.60668
41.632,-0.20001,0.54468,1.5708,5,AVANZAR,0.05532,1.60809
41.664,-0.20001,0.54609,1.5708,5,AVANZAR,0.05391,1.60951
41.696,-0.20001,0.54751,1.5708,5,AVANZAR,0.05249,1.61092
41.728,-0.20001,0.5488,1.5708,5,AVANZAR,0.0512,1.61221
41.76,-0.20001,0.55008,1.5708,5,AVANZAR,0.04992,1.6135
41.792,-0.20001,0.55137,1.5708,5,AVANZAR,0.04863,1.61479
41.824,-0.20001,0.55266,1.5708,5,AVANZAR,0.04734,1.61607
41.856,-0.20001,0.55382,1.5708,5,AVANZAR,0.04618,1.61723
41.888,-0.20001,0.55498,1.5708,5,AVANZAR,0.04502,1.61839
41.92,-0.20001,0.55614,1.5708,5,AVANZAR,0.04386,1.61955
41.952,-0.20001,0.55729,1.5708,5,AVANZAR,0.04271,1.62071
41.984,-0.20001,0.55845,1.5708,5,AVANZAR,0.04155,1.62187
42.016,-0.20001,0.55948,1.5708,5,AVANZAR,0.04052,1.6229
42.048,-0.20001,0.56051,1.5708,5,AVANZAR,0.03949,1.62393
42.08,-0.20001,0.56154,1.5708,5,AVANZAR,0.03846,1.62496
42.112,-0.20001,0.56244,1.5708,5,AVANZAR,0.03756,1.62586
42.144,-0.20001,0.56347,1.5708,5,AVANZAR,0.03653,1.62689
42.176,-0.20001,0.56437,1.5708,5,AVANZAR,0.03563,1.62779
42.208,-0.20001,0.56528,1.5708,5,AVANZAR,0.03472,1.62869
42.24,-0.20001,0.56618,1.5708,5,AVANZAR,0.03382,1.62959
42.272,-0.20001,0.56708,1.5708,5,AVANZAR,0.03292,1.63049
42.304,-0.20001,0.56785,1.5708,5,AVANZAR,0.03215,1.63126
42.336,-0.20001,0.56875,1.5708,5,AVANZAR,0.03125,1.63217
42.368,-0.20001,0.56952,1.5708,5,AVANZAR,0.03048,1.63294
42.4,-0.20001,0.5703,1.5708,5,AVANZAR,0.0297,1.63371
42.432,-0.20001,0.57107,1.5708,5,AVANZAR,0.02893,1.63448
42.464,-0.20001,0.57184,1.5708,5,AVANZAR,0.02816,1.63526
42.496,-0.20001,0.57249,1.5708,5,AVANZAR,0.02751,1.6359
42.528,-0.20001,0.57326,1.5708,5,AVANZAR,0.02674,1.63667
42.56,-0.20001,0.5739,1.5708,5,AVANZAR,0.0261,1.63732
42.592,-0.20001,0.57455,1.5708,5,AVANZAR,0.02545,1.63796
42.624,-0.20001,0.57519,1.5708,5,AVANZAR,0.02481,1.6386
42.656,-0.20001,0.57583,1.5708,5,AVANZAR,0.02417,1.63925
42.688,-0.20001,0.57648,1.5708,5,AVANZAR,0.02352,1.63989
42.72,-0.20001,0.57712,1.5708,5,AVANZAR,0.02288,1.64053
42.752,-0.20001,0.57764,1.5708,5,AVANZAR,0.02236,1.64105
42.784,-0.20001,0.57828,1.5708,5,AVANZAR,0.02172,1.64169
42.816,-0.20001,0.57879,1.5708,5,AVANZAR,0.02121,1.64221
42.848,-0.20001,0.57931,1.5708,5,AVANZAR,0.02069,1.64272
42.88,-0.20001,0.57982,1.5708,5,AVANZAR,0.02018,1.64324
42.912,-0.20001,0.58034,1.5708,5,AVANZAR,0.01966,1.64375
42.944,-0.20001,0.58085,1.5708,5,AVANZAR,0.01915,1.64427
42.976,-0.20001,0.58137,1.5708,5,AVANZAR,0.01863,1.64478
43.008,-0.20001,0.58188,1.5708,5,AVANZAR,0.01812,1.6453
43.04,-0.20001,0.58227,1.5708,5,AVANZAR,0.01773,1.64568
43.072,-0.20001,0.58278,1.5708,5,AVANZAR,0.01722,1.6462
43.104,-0.20001,0.58317,1.5708,5,AVANZAR,0.01683,1.64658
43.136,-0.20001,0.58369,1.5708,5,AVANZAR,0.01631,1.6471
43.168,-0.20001,0.58407,1.5708,5,AVANZAR,0.01593,1.64749
43.2,-0.20001,0.58446,1.5708,5,AVANZAR,0.01554,1.64787
43.232,-0.20001,0.58484,1.5708,5,AVANZAR,0.01516,1.64826
43.264,-0.20001,0.58523,1.5708,5,AVANZAR,0.01477,1.64864
43.296,-0.20001,0.58562,1.5708,5,AVANZAR,0.01438,1.64903
43.328,-0.20001,0.586,1.5708,5,AVANZAR,0.014,1.64942
43.36,-0.20001,0.58639,1.5708,5,AVANZAR,0.01361,1.6498
43.392,-0.20001,0.58665,1.5708,5,AVANZAR,0.01335,1.65006
43.424,-0.20001,0.58703,1.5708,5,AVANZAR,0.01297,1.65045
43.456,-0.20001,0.58742,1.5708,5,AVANZAR,0.01258,1.65083
43.488,-0.20001,0.58768,1.5708,5,AVANZAR,0.01232,1.65109
43.52,-0.20001,0.58806,1.5708,5,AVANZAR,0.01194,1.65148
43.552,-0.20001,0.58832,1.5708,5,AVANZAR,0.01168,1.65173
43.584,-0.20001,0.58858,1.5708,5,AVANZAR,0.01142,1.65199
43.616,-0.20001,0.58896,1.5708,5,AVANZAR,0.01104,1.65238
43.648,-0.20001,0.58922,1.5708,5,AVANZAR,0.01078,1.65264
43.68,-0.20001,0.58948,1.5708,5,AVANZAR,0.01052,1.65289
43.712,-0.20001,0.58974,1.5708,5,AVANZAR,0.01026,1.65315
43.744,-0.20001,0.58999,1.5708,5,AVANZAR,0.01001,1.65341
43.776,-0.20001,0.59025,1.5708,5,AVANZAR,0.00975,1.65367
43.808,-0.20001,0.59051,1.5708,5,AVANZAR,0.00949,1.65392
43.84,-0.20001,0.59077,1.5708,5,AVANZAR,0.00923,1.65418
43.872,-0.20001,0.59102,1.5708,5,AVANZAR,0.00898,1.65444
43.904,-0.20001,0.59128,1.5708,5,AVANZAR,0.00872,1.6547
43.936,-0.20001,0.59141,1.5708,5,AVANZAR,0.00859,1.65482
43.968,-0.20001,0.59167,1.5708,5,AVANZAR,0.00833,1.65508
44.0,-0.20001,0.59193,1.5708,5,AVANZAR,0.00807,1.65534
44.032,-0.20001,0.59205,1.5708,5,AVANZAR,0.00795,1.65547
44.064,-0.20001,0.59231,1.5708,5,AVANZAR,0.00769,1.65573
44.096,-0.20001,0.59244,1.5708,5,AVANZAR,0.00756,1.65585
44.128,-0.20001,0.5927,1.5708,5,AVANZAR,0.0073,1.65611
44.16,-0.20001,0.59283,1.5708,5,AVANZAR,0.00717,1.65624
44.192,-0.20001,0.59308,1.5708,5,AVANZAR,0.00692,1.6565
44.224,-0.20001,0.59321,1.5708,5,AVANZAR,0.00679,1.65663
44.256,-0.20001,0.59334,1.5708,5,AVANZAR,0.00666,1.65676
44.288,-0.20001,0.5936,1.5708,5,AVANZAR,0.0064,1.65701
44.32,-0.20001,0.59373,1.5708,5,AVANZAR,0.00627,1.65714
44.352,-0.20001,0.59386,1.5708,5,AVANZAR,0.00614,1.65727
44.384,-0.20001,0.59411,1.5708,5,AVANZAR,0.00589,1.65753
44.416,-0.20001,0.59424,1.5708,5,AVANZAR,0.00576,1.65766
44.448,-0.20001,0.59437,1.5708,5,AVANZAR,0.00563,1.65778
44.48,-0.20001,0.5945,1.5708,5,AVANZAR,0.0055,1.65791
44.512,-0.20001,0.59463,1.5708,5,AVANZAR,0.00537,1.65804
44.544,-0.20001,0.59476,1.5708,5,AVANZAR,0.00524,1.65817
44.576,-0.20001,0.59489,1.5708,5,AVANZAR,0.00511,1.6583
44.608,-0.20001,0.6,1.5708,6,GIRAR,0.00498,1.65843
44.64,-0.20001,0.6,1.5708,6,GIRAR,1.5708,1.65843
44.672,-0.20001,0.6,1.53118,6,GIRAR,1.53118,1.65843
44.704,-0.20001,0.60006,1.49405,6,GIRAR,1.49405,1.65849
44.736,-0.20001,0.6,1.45691,6,GIRAR,1.45691,1.65856
44.768,-0.20001,0.6,1.4173,6,GIRAR,1.4173,1.65856
44.8,-0.20001,0.6,1.37769,6,GIRAR,1.37769,1.65856
44.832,-0.2,0.60006,1.34055,6,GIRAR,1.34055,1.65862
44.864,-0.20001,0.6,1.30341,6,GIRAR,1.30341,1.65869
44.896,-0.20001,0.6,1.2638,6,GIRAR,1.2638,1.65869
44.928,-0.20001,0.6,1.22419,6,GIRAR,1.22419,1.65869
44.96,-0.19999,0.60006,1.18705,6,GIRAR,1.18705,1.65875
44.992,-0.20002,0.6,1.14992,6,GIRAR,1.14992,1.65881
45.024,-0.20002,0.6,1.1103,6,GIRAR,1.1103,1.65881
45.056,-0.20002,0.6,1.07069,6,GIRAR,1.07069,1.65881
45.088,-0.19998,0.60006,1.03355,6,GIRAR,1.03355,1.65888
45.12,-0.20002,0.6,0.99642,6,GIRAR,0.99642,1.65894
45.152,-0.20002,0.6,0.95681,6,GIRAR,0.95681,1.65894
45.184,-0.20002,0.6,0.91719,6,GIRAR,0.91719,1.65894
45.216,-0.19998,0.60005,0.88006,6,GIRAR,0.88006,1.65901
45.248,-0.19998,0.60005,0.84044,6,GIRAR,0.84044,1.65901
45.28,-0.20002,0.60001,0.80331,6,GIRAR,0.80331,1.65907
45.312,-0.20002,0.60001,0.7637,6,GIRAR,0.7637,1.65907
45.344,-0.19997,0.60005,0.72656,6,GIRAR,0.72656,1.65914
45.376,-0.19997,0.60005,0.68695,6,GIRAR,0.68695,1.65914
45.408,-0.20002,0.60001,0.64981,6,GIRAR,0.64981,1.6592
45.44,-0.20002,0.60001,0.6102,6,GIRAR,0.6102,1.6592
45.472,-0.19997,0.60005,0.57306,6,GIRAR,0.57306,1.65927
45.504,-0.19997,0.60005,0.53345,6,GIRAR,0.53345,1.65927
45.536,-0.20003,0.60001,0.49631,6,GIRAR,0.49631,1.65933
45.568,-0.20003,0.60001,0.4567,6,GIRAR,0.4567,1.65933
45.6,-0.19997,0.60004,0.41956,6,GIRAR,0.41956,1.65939
45.632,-0.19997,0.60004,0.37995,6,GIRAR,0.37995,1.65939
45.664,-0.20003,0.60002,0.34281,6,GIRAR,0.34281,1.65946
45.696,-0.20003,0.60002,0.3032,6,GIRAR,0.3032,1.65946
45.728,-0.19997,0.60004,0.26607,6,GIRAR,0.26607,1.65952
45.76,-0.19997,0.60004,0.22645,6,GIRAR,0.22645,1.65952
45.792,-0.20003,0.60002,0.18932,6,GIRAR,0.18932,1.65959
45.824,-0.20003,0.60002,0.1497,6,GIRAR,0.1497,1.65959
45.856,-0.19997,0.60003,0.11257,6,GIRAR,0.11257,1.65965
45.888,-0.19997,0.60003,0.07296,6,GIRAR,0.07296,1.65965
45.92,-0.20003,0.60003,0.03582,6,GIRAR,0.03582,1.65972
45.952,-0.20003,0.60003,-0.00379,6,GIRAR,0.0,1.65972
45.984,-0.19997,0.60003,-0.04093,6,GIRAR,0.0,1.65978
46.016,-0.19997,0.60003,-0.08054,6,GIRAR,0.0,1.65978
46.048,-0.20003,0.60003,-0.11768,6,GIRAR,0.0,1.65984
46.08,-0.20003,0.60003,0.0,6,AVANZAR,0.0,1.65984
46.112,-0.20003,0.60003,0.0,6,AVANZAR,0.88003,1.65984
46.144,-0.1981,0.60003,0.0,6,AVANZAR,0.8781,1.66178
46.176,-0.19617,0.60003,0.0,6,AVANZAR,0.87617,1.66371
46.208,-0.19424,0.60003,0.0,6,AVANZAR,0.87424,1.66564
46.24,-0.19231,0.60003,0.0,6,AVANZAR,0.87231,1.66757
46.272,-0.19038,0.60003,0.0,6,AVANZAR,0.87038,1.6695
46.304,-0.18851,0.60004,0.00248,6,AVANZAR,0.86851,1.67137
46.336,-0.18658,0.60004,0.00248,6,AVANZAR,0.86658,1.6733
46.368,-0.18471,0.60004,0.0,6,AVANZAR,0.86471,1.67516
46.4,-0.18278,0.60004,0.0,6,AVANZAR,0.86278,1.6771
46.432,-0.18085,0.60004,0.0,6,AVANZAR,0.86085,1.67903
46.464,-0.17892,0.60004,0.0,6,AVANZAR,0.85892,1.68096
46.496,-0.17699,0.60004,0.0,6,AVANZAR,0.85699,1.68289
46.528,-0.17506,0.60004,0.0,6,AVANZAR,0.85506,1.68482
46.56,-0.17312,0.60004,0.0,6,AVANZAR,0.85312,1.68675
46.592,-0.17119,0.60004,0.0,6,AVANZAR,0.85119,1.68868
46.624,-0.16926,0.60004,0.0,6,AVANZAR,0.84926,1.69061
46.656,-0.16739,0.60004,0.00248,6,AVANZAR,0.84739,1.69248
46.688,-0.16546,0.60005,0.00248,6,AVANZAR,0.84546,1.69441
46.72,-0.1636,0.60005,0.0,6,AVANZAR,0.8436,1.69628
46.752,-0.16167,0.60005,0.0,6,AVANZAR,0.84167,1.69821
46.784,-0.15973,0.60005,-0.0,6,AVANZAR,0.83973,1.70014
46.816,-0.1578,0.60005,-0.0,6,AVANZAR,0.8378,1.70207
46.848,-0.15587,0.60005,-0.0,6,AVANZAR,0.83587,1.704
46.88,-0.15394,0.60005,-0.0,6,AVANZAR,0.83394,1.70593
46.912,-0.15201,0.60005,-0.0,6,AVANZAR,0.83201,1.70786
46.944,-0.15008,0.60005,-0.0,6,AVANZAR,0.83008,1.7098
46.976,-0.14821,0.60005,0.00248,6,AVANZAR,0.82821,1.71166
47.008,-0.14628,0.60006,0.00248,6,AVANZAR,0.82628,1.71359
47.04,-0.14441,0.60006,-0.0,6,AVANZAR,0.82441,1.71546
47.072,-0.14248,0.60006,-0.0,6,AVANZAR,0.82248,1.71739
47.104,-0.14055,0.60006,-0.0,6,AVANZAR,0.82055,1.71932
47.136,-0.13862,0.60006,-0.0,6,AVANZAR,0.81862,1.72125
47.168,-0.13669,0.60006,-0.0,6,AVANZAR,0.81669,1.72318
47.2,-0.13476,0.60006,-0.0,6,AVANZAR,0.81476,1.72512
47.232,-0.13283,0.60006,-0.0,6,AVANZAR,0.81283,1.72705
47.264,-0.1309,0.60006,0.0,6,AVANZAR,0.8109,1.72898
47.296,-0.12903,0.60006,0.00248,6,AVANZAR,0.80903,1.73084
47.328,-0.1271,0.60007,0.00248,6,AVANZAR,0.8071,1.73278
47.36,-0.12523,0.60007,0.0,6,AVANZAR,0.80523,1.73464
47.392,-0.1233,0.60007,0.0,6,AVANZAR,0.8033,1.73657
47.424,-0.12137,0.60007,0.0,6,AVANZAR,0.80137,1.7385
47.456,-0.11944,0.60007,0.0,6,AVANZAR,0.79944,1.74044
47.488,-0.11751,0.60007,0.0,6,AVANZAR,0.79751,1.74237
47.52,-0.11558,0.60007,0.0,6,AVANZAR,0.79558,1.7443
47.552,-0.11365,0.60007,0.0,6,AVANZAR,0.79365,1.74623
47.584,-0.11171,0.60007,0.0,6,AVANZAR,0.79171,1.74816
47.616,-0.10978,0.60007,0.0,6,AVANZAR,0.78978,1.75009
47.648,-0.10792,0.60007,0.00248,6,AVANZAR,0.78792,1.75196
47.68,-0.10599,0.60008,0.00248,6,AVANZAR,0.78599,1.75389
47.712,-0.10412,0.60008,0.0,6,AVANZAR,0.78412,1.75576
47.744,-0.10219,0.60008,0.0,6,AVANZAR,0.78219,1.75769
47.776,-0.10026,0.60008,0.0,6,AVANZAR,0.78026,1.75962
47.808,-0.09833,0.60008,0.0,6,AVANZAR,0.77833,1.76155
47.84,-0.09639,0.60008,0.0,6,AVANZAR,0.77639,1.76348
47.872,-0.09446,0.60008,0.0,6,AVANZAR,0.77446,1.76541
47.904,-0.09253,0.60008,0.0,6,AVANZAR,0.77253,1.76734
47.936,-0.0906,0.60008,0.0,6,AVANZAR,0.7706,1.76927
47.968,-0.08873,0.60008,0.00248,6,AVANZAR,0.76873,1.77114
48.0,-0.0868,0.60009,0.00248,6,AVANZAR,0.7668,1.77307
48.032,-0.08494,0.60009,0.0,6,AVANZAR,0.76494,1.77494
48.064,-0.08301,0.60009,0.0,6,AVANZAR,0.76301,1.77687
48.096,-0.08107,0.60009,-0.0,6,AVANZAR,0.76107,1.7788
48.128,-0.07914,0.60009,-0.0,6,AVANZAR,0.75914,1.78073
48.16,-0.07721,0.60009,-0.0,6,AVANZAR,0.75721,1.78266
48.192,-0.07528,0.60009,-0.0,6,AVANZAR,0.75528,1.78459
48.224,-0.07335,0.60009,-0.0,6,AVANZAR,0.75335,1.78652
48.256,-0.07142,0.60009,-0.0,6,AVANZAR,0.75142,1.78846
48.288,-0.06955,0.60009,0.00248,6,AVANZAR,0.74955,1.79032
48.32,-0.06762,0.6001,0.00248,6,AVANZAR,0.74762,1.79225
48.352,-0.06575,0.6001,-0.0,6,AVANZAR,0.74575,1.79412
48.384,-0.06382,0.6001,-0.0,6,AVANZAR,0.74382,1.79605
48.416,-0.06189,0.6001,-0.0,6,AVANZAR,0.74189,1.79798
48.448,-0.05996,0.6001,-0.0,6,AVANZAR,0.73996,1.79991
48.48,-0.05803,0.6001,-0.0,6,AVANZAR,0.73803,1.80185
48.512,-0.0561,0.6001,-0.0,6,AVANZAR,0.7361,1.80378
48.544,-0.05417,0.6001,-0.0,6,AVANZAR,0.73417,1.80571
48.576,-0.05224,0.6001,0.0,6,AVANZAR,0.73224,1.80764
48.608,-0.05037,0.6001,0.00248,6,AVANZAR,0.73037,1.80951
48.64,-0.04844,0.60011,0.00248,6,AVANZAR,0.72844,1.81144
48.672,-0.04657,0.60011,0.0,6,AVANZAR,0.72657,1.8133
48.704,-0.04464,0.60011,0.0,6,AVANZAR,0.72464,1.81523
48.736,-0.04271,0.60011,0.0,6,AVANZAR,0.72271,1.81717
48.768,-0.04078,0.60011,0.0,6,AVANZAR,0.72078,1.8191
48.8,-0.03885,0.60011,0.0,6,AVANZAR,0.71885,1.82103
48.832,-0.03692,0.60011,0.0,6,AVANZAR,0.71692,1.82296
48.864,-0.03499,0.60011,0.0,6,AVANZAR,0.71499,1.82489
48.896,-0.03305,0.60011,0.0,6,AVANZAR,0.71305,1.82682
48.928,-0.03112,0.60011,0.0,6,AVANZAR,0.71112,1.82875
48.96,-0.02926,0.60011,0.00248,6,AVANZAR,0.70926,1.83062
48.992,-0.02733,0.60012,0.00248,6,AVANZAR,0.70733,1.83255
49.024,-0.02546,0.60012,0.0,6,AVANZAR,0.70546,1.83442
49.056,-0.02353,0.60012,0.0,6,AVANZAR,0.70353,1.83635
49.088,-0.0216,0.60012,0.0,6,AVANZAR,0.7016,1.83828
49.12,-0.01967,0.60012,0.0,6,AVANZAR,0.69967,1.84021
49.152,-0.01773,0.60012,0.0,6,AVANZAR,0.69773,1.84214
49.184,-0.0158,0.60012,0.0,6,AVANZAR,0.6958,1.84407
49.216,-0.01387,0.60012,0.0,6,AVANZAR,0.69387,1.846
49.248,-0.01194,0.60012,0.0,6,AVANZAR,0.69194,1.84793
49.28,-0.01007,0.60012,0.00248,6,AVANZAR,0.69007,1.8498
49.312,-0.00814,0.60012,0.00248,6,AVANZAR,0.68814,1.85173
49.344,-0.00628,0.60013,0.0,6,AVANZAR,0.68628,1.8536
49.376,-0.00435,0.60013,-0.0,6,AVANZAR,0.68435,1.85553
49.408,-0.00241,0.60013,-0.0,6,AVANZAR,0.68241,1.85746
49.44,-0.00048,0.60013,-0.0,6,AVANZAR,0.68048,1.85939
49.472,0.00145,0.60013,-0.0,6,AVANZAR,0.67855,1.86132
49.504,0.00338,0.60013,-0.0,6,AVANZAR,0.67662,1.86325
49.536,0.00531,0.60013,-0.0,6,AVANZAR,0.67469,1.86519
49.568,0.00724,0.60013,-0.0,6,AVANZAR,0.67276,1.86712
49.6,0.00911,0.60013,0.00248,6,AVANZAR,0.67089,1.86898
49.632,0.01104,0.60013,0.00248,6,AVANZAR,0.66896,1.87091
49.664,0.01291,0.60014,-0.0,6,AVANZAR,0.66709,1.87278
49.696,0.01484,0.60014,-0.0,6,AVANZAR,0.66516,1.87471
49.728,0.01677,0.60014,-0.0,6,AVANZAR,0.66323,1.87664
49.76,0.0187,0.60014,-0.0,6,AVANZAR,0.6613,1.87857
49.792,0.02063,0.60014,-0.0,6,AVANZAR,0.65937,1.88051
49.824,0.02256,0.60014,-0.0,6,AVANZAR,0.65744,1.88244
49.856,0.02449,0.60014,0.0,6,AVANZAR,0.65551,1.88437
49.888,0.02642,0.60014,0.0,6,AVANZAR,0.65358,1.8863
49.92,0.02835,0.60014,0.0,6,AVANZAR,0.65165,1.88823
49.952,0.03022,0.60014,0.00248,6,AVANZAR,0.64978,1.8901
49.984,0.03215,0.60014,0.00248,6,AVANZAR,0.64785,1.89203
50.016,0.03402,0.60015,0.0,6,AVANZAR,0.64598,1.89389
50.048,0.03595,0.60015,0.0,6,AVANZAR,0.64405,1.89583
50.08,0.03788,0.60015,0.0,6,AVANZAR,0.64212,1.89776
50.112,0.03981,0.60015,0.0,6,AVANZAR,0.64019,1.89969
50.144,0.04174,0.60015,0.0,6,AVANZAR,0.63826,1.90162
50.176,0.04367,0.60015,0.0,6,AVANZAR,0.63633,1.90355
50.208,0.04561,0.60015,0.0,6,AVANZAR,0.63439,1.90548
50.24,0.04754,0.60015,0.0,6,AVANZAR,0.63246,1.90741
50.272,0.0494,0.60015,0.00248,6,AVANZAR,0.6306,1.90928
50.304,0.05133,0.60015,0.00248,6,AVANZAR,0.62867,1.91121
50.336,0.0532,0.60016,0.0,6,AVANZAR,0.6268,1.91308
50.368,0.05513,0.60016,0.0,6,AVANZAR,0.62487,1.91501
50.4,0.05706,0.60016,0.0,6,AVANZAR,0.62294,1.91694
50.432,0.05899,0.60016,0.0,6,AVANZAR,0.62101,1.91887
50.464,0.06093,0.60016,0.0,6,AVANZAR,0.61907,1.9208
50.496,0.06286,0.60016,0.0,6,AVANZAR,0.61714,1.92273
50.528,0.06479,0.60016,-0.0,6,AVANZAR,0.61521,1.92466
50.56,0.06672,0.60016,-0.0,6,AVANZAR,0.61328,1.92659
50.592,0.06859,0.60016,0.00248,6,AVANZAR,0.61141,1.92846
50.624,0.07052,0.60016,0.00248,6,AVANZAR,0.60948,1.93039
50.656,0.07238,0.60016,0.0,6,AVANZAR,0.60762,1.93226
50.688,0.07431,0.60016,-0.0,6,AVANZAR,0.60569,1.93419
50.72,0.07625,0.60016,-0.0,6,AVANZAR,0.60375,1.93612
50.752,0.07818,0.60016,-0.0,6,AVANZAR,0.60182,1.93805
50.784,0.08011,0.60016,-0.0,6,AVANZAR,0.59989,1.93998
50.816,0.08204,0.60016,-0.0,6,AVANZAR,0.59796,1.94191
50.848,0.08397,0.60016,-0.0,6,AVANZAR,0.59603,1.94385
50.88,0.0859,0.60016,-0.0,6,AVANZAR,0.5941,1.94578
50.912,0.08777,0.60017,0.00248,6,AVANZAR,0.59223,1.94764
50.944,0.0897,0.60017,0.00248,6,AVANZAR,0.5903,1.94957
50.976,0.09163,0.60018,0.00248,6,AVANZAR,0.58837,1.95151
51.008,0.0935,0.60018,-0.0,6,AVANZAR,0.5865,1.95337
51.04,0.09543,0.60018,-0.0,6,AVANZAR,0.58457,1.9553
51.072,0.09736,0.60018,-0.0,6,AVANZAR,0.58264,1.95723
51.104,0.09929,0.60018,-0.0,6,AVANZAR,0.58071,1.95917
51.136,0.10122,0.60018,-0.0,6,AVANZAR,0.57878,1.9611
51.168,0.10315,0.60018,0.0,6,AVANZAR,0.57685,1.96303
51.2,0.10508,0.60018,0.0,6,AVANZAR,0.57492,1.96496
51.232,0.10701,0.60018,0.0,6,AVANZAR,0.57299,1.96689
51.264,0.10888,0.60018,0.00248,6,AVANZAR,0.57112,1.96876
51.296,0.11081,0.60019,0.00248,6,AVANZAR,0.56919,1.97069
51.328,0.11268,0.60019,0.0,6,AVANZAR,0.56732,1.97255
51.36,0.11461,0.60019,0.0,6,AVANZAR,0.56539,1.97449
51.392,0.11654,0.60019,0.0,6,AVANZAR,0.56346,1.97642
51.424,0.11847,0.60019,0.0,6,AVANZAR,0.56153,1.97835
51.456,0.1204,0.60019,0.0,6,AVANZAR,0.5596,1.98028
51.488,0.12233,0.60019,0.0,6,AVANZAR,0.55767,1.98221
51.52,0.12427,0.60019,0.0,6,AVANZAR,0.55573,1.98414
51.552,0.1262,0.60019,0.0,6,AVANZAR,0.5538,1.98607
51.584,0.12806,0.60019,0.00248,6,AVANZAR,0.55194,1.98794
51.616,0.12999,0.6002,0.00248,6,AVANZAR,0.55001,1.98987
51.648,0.13186,0.6002,0.0,6,AVANZAR,0.54814,1.99174
51.68,0.13379,0.6002,0.0,6,AVANZAR,0.54621,1.99367
51.712,0.13572,0.6002,0.0,6,AVANZAR,0.54428,1.9956
51.744,0.13765,0.6002,0.0,6,AVANZAR,0.54235,1.99753
51.776,0.13959,0.6002,0.0,6,AVANZAR,0.54041,1.99946
51.808,0.14152,0.6002,-0.0,6,AVANZAR,0.53848,2.00139
51.84,0.14345,0.6002,-0.0,6,AVANZAR,0.53655,2.00332
51.872,0.14538,0.6002,-0.0,6,AVANZAR,0.53462,2.00525
51.904,0.14725,0.6002,0.00248,6,AVANZAR,0.53275,2.00712
51.936,0.14918,0.6002,0.00248,6,AVANZAR,0.53082,2.00905
51.968,0.15104,0.60021,0.0,6,AVANZAR,0.52896,2.01092
52.0,0.15297,0.60021,-0.0,6,AVANZAR,0.52703,2.01285
52.032,0.15491,0.60021,-0.0,6,AVANZAR,0.52509,2.01478
52.064,0.15684,0.60021,-0.0,6,AVANZAR,0.52316,2.01671
52.096,0.15877,0.60021,-0.0,6,AVANZAR,0.52123,2.01864
52.128,0.1607,0.60021,-0.0,6,AVANZAR,0.5193,2.02057
52.16,0.16263,0.60021,-0.0,6,AVANZAR,0.51737,2.02251
52.192,0.16456,0.60021,-0.0,6,AVANZAR,0.51544,2.02444
52.224,0.16649,0.60021,-0.0,6,AVANZAR,0.51351,2.02637
52.256,0.16836,0.60021,0.00248,6,AVANZAR,0.51164,2.02823
52.288,0.17029,0.60021,0.00248,6,AVANZAR,0.50971,2.03017
52.32,0.17216,0.60022,-0.0,6,AVANZAR,0.50784,2.03203
52.352,0.17409,0.60022,-0.0,6,AVANZAR,0.50591,2.03396
52.384,0.17602,0.60022,-0.0,6,AVANZAR,0.50398,2.03589
52.416,0.17795,0.60022,-0.0,6,AVANZAR,0.50205,2.03783
52.448,0.17988,0.60022,0.0,6,AVANZAR,0.50012,2.03976
52.48,0.18181,0.60022,0.0,6,AVANZAR,0.49819,2.04169
52.512,0.18374,0.60022,0.0,6,AVANZAR,0.49626,2.04362
52.544,0.18567,0.60022,0.0,6,AVANZAR,0.49433,2.04555
52.576,0.18754,0.60022,0.00248,6,AVANZAR,0.49246,2.04742
52.608,0.18947,0.60022,0.00248,6,AVANZAR,0.49053,2.04935
52.64,0.19134,0.60023,0.0,6,AVANZAR,0.48866,2.05121
52.672,0.19327,0.60023,0.0,6,AVANZAR,0.48673,2.05315
52.704,0.1952,0.60023,0.0,6,AVANZAR,0.4848,2.05508
52.736,0.19713,0.60023,0.0,6,AVANZAR,0.48287,2.05701
52.768,0.19906,0.60023,0.0,6,AVANZAR,0.48094,2.05894
52.8,0.20099,0.60023,0.0,6,AVANZAR,0.47901,2.06087
52.832,0.20293,0.60023,0.0,6,AVANZAR,0.47707,2.0628
52.864,0.20486,0.60023,0.0,6,AVANZAR,0.47514,2.06473
52.896,0.20672,0.60023,0.00248,6,AVANZAR,0.47328,2.0666
52.928,0.20865,0.60023,0.00248,6,AVANZAR,0.47135,2.06853
52.96,0.21052,0.60024,0.0,6,AVANZAR,0.46948,2.0704
52.992,0.21245,0.60024,0.0,6,AVANZAR,0.46755,2.07233
53.024,0.21438,0.60024,0.0,6,AVANZAR,0.46562,2.07426
53.056,0.21631,0.60024,0.0,6,AVANZAR,0.46369,2.07619
53.088,0.21825,0.60024,0.0,6,AVANZAR,0.46175,2.07812
53.12,0.22018,0.60024,-0.0,6,AVANZAR,0.45982,2.08005
53.152,0.22211,0.60024,-0.0,6,AVANZAR,0.45789,2.08198
53.184,0.22404,0.60024,-0.0,6,AVANZAR,0.45596,2.08391
53.216,0.22597,0.60024,-0.0,6,AVANZAR,0.45403,2.08585
53.248,0.22784,0.60024,0.00248,6,AVANZAR,0.45216,2.08771
53.28,0.22977,0.60024,0.00248,6,AVANZAR,0.45023,2.08964
53.312,0.23163,0.60024,-0.0,6,AVANZAR,0.44837,2.09151
53.344,0.23357,0.60024,-0.0,6,AVANZAR,0.44643,2.09344
53.376,0.2355,0.60024,-0.0,6,AVANZAR,0.4445,2.09537
53.408,0.23743,0.60024,-0.0,6,AVANZAR,0.44257,2.0973
53.44,0.23936,0.60024,-0.0,6,AVANZAR,0.44064,2.09923
53.472,0.24129,0.60024,-0.0,6,AVANZAR,0.43871,2.10117
53.504,0.24322,0.60024,-0.0,6,AVANZAR,0.43678,2.1031
53.536,0.24515,0.60024,-0.0,6,AVANZAR,0.43485,2.10503
53.568,0.24702,0.60025,0.00248,6,AVANZAR,0.43298,2.10689
53.6,0.24895,0.60025,0.00248,6,AVANZAR,0.43105,2.10883
53.632,0.25082,0.60025,-0.0,6,AVANZAR,0.42918,2.11069
53.664,0.25275,0.60025,-0.0,6,AVANZAR,0.42725,2.11262
53.696,0.25468,0.60025,-0.0,6,AVANZAR,0.42532,2.11455
53.728,0.25661,0.60025,-0.0,6,AVANZAR,0.42339,2.11649
53.76,0.25854,0.60025,0.0,6,AVANZAR,0.42146,2.11842
53.792,0.26047,0.60025,0.0,6,AVANZAR,0.41953,2.12035
53.824,0.2624,0.60025,0.0,6,AVANZAR,0.4176,2.12228
53.856,0.26433,0.60025,0.0,6,AVANZAR,0.41567,2.12421
53.888,0.2662,0.60026,0.00248,6,AVANZAR,0.4138,2.12608
53.92,0.26813,0.60026,0.00248,6,AVANZAR,0.41187,2.12801
53.952,0.27,0.60026,0.0,6,AVANZAR,0.41,2.12987
53.984,0.27193,0.60026,0.0,6,AVANZAR,0.40807,2.13181
54.016,0.27386,0.60026,0.0,6,AVANZAR,0.40614,2.13374
54.048,0.27579,0.60026,0.0,6,AVANZAR,0.40421,2.13567
54.08,0.27772,0.60026,0.0,6,AVANZAR,0.40228,2.1376
54.112,0.27965,0.60026,0.0,6,AVANZAR,0.40035,2.13953
54.144,0.28159,0.60026,0.0,6,AVANZAR,0.39841,2.14146
54.176,0.28352,0.60026,0.0,6,AVANZAR,0.39648,2.14339
54.208,0.28538,0.60027,0.00248,6,AVANZAR,0.39462,2.14526
54.24,0.28731,0.60027,0.00248,6,AVANZAR,0.39269,2.14719
54.272,0.28925,0.60028,0.00248,6,AVANZAR,0.39075,2.14912
54.304,0.29111,0.60028,0.0,6,AVANZAR,0.38889,2.15099
54.336,0.29304,0.60028,0.0,6,AVANZAR,0.38696,2.15292
54.368,0.29497,0.60028,0.0,6,AVANZAR,0.38503,2.15485
54.4,0.29691,0.60028,0.0,6,AVANZAR,0.38309,2.15678
54.432,0.29884,0.60028,-0.0,6,AVANZAR,0.38116,2.15871
54.464,0.30077,0.60028,-0.0,6,AVANZAR,0.37923,2.16064
54.496,0.3027,0.60028,-0.0,6,AVANZAR,0.3773,2.16257
54.528,0.30463,0.60028,-0.0,6,AVANZAR,0.37537,2.16451
54.56,0.3065,0.60028,0.00248,6,AVANZAR,0.3735,2.16637
54.592,0.30843,0.60028,0.00248,6,AVANZAR,0.37157,2.1683
54.624,0.31029,0.60029,-0.0,6,AVANZAR,0.36971,2.17017
54.656,0.31223,0.60029,-0.0,6,AVANZAR,0.36777,2.1721
54.688,0.31416,0.60029,-0.0,6,AVANZAR,0.36584,2.17403
54.72,0.31609,0.60029,-0.0,6,AVANZAR,0.36391,2.17596
54.752,0.31802,0.60029,-0.0,6,AVANZAR,0.36198,2.17789
54.784,0.31995,0.60029,-0.0,6,AVANZAR,0.36005,2.17983
54.816,0.32188,0.60029,-0.0,6,AVANZAR,0.35812,2.18176
54.848,0.32381,0.60029,-0.0,6,AVANZAR,0.35619,2.18369
54.88,0.32568,0.60029,0.00248,6,AVANZAR,0.35432,2.18555
54.912,0.32761,0.60029,0.00248,6,AVANZAR,0.35239,2.18749
54.944,0.32948,0.6003,-0.0,6,AVANZAR,0.35052,2.18935
54.976,0.33141,0.6003,-0.0,6,AVANZAR,0.34859,2.19128
55.008,0.33334,0.6003,-0.0,6,AVANZAR,0.34666,2.19321
55.04,0.33527,0.6003,-0.0,6,AVANZAR,0.34473,2.19515
55.072,0.3372,0.6003,0.0,6,AVANZAR,0.3428,2.19708
55.104,0.33913,0.6003,0.0,6,AVANZAR,0.34087,2.19901
55.136,0.34106,0.6003,0.0,6,AVANZAR,0.33894,2.20094
55.168,0.34299,0.6003,0.0,6,AVANZAR,0.33701,2.20287
55.2,0.34486,0.6003,0.00248,6,AVANZAR,0.33514,2.20474
55.232,0.34679,0.6003,0.00248,6,AVANZAR,0.33321,2.20667
55.264,0.34866,0.60031,0.0,6,AVANZAR,0.33134,2.20853
55.296,0.35059,0.60031,0.0,6,AVANZAR,0.32941,2.21047
55.328,0.35252,0.60031,0.0,6,AVANZAR,0.32748,2.2124
55.36,0.35445,0.60031,0.0,6,AVANZAR,0.32555,2.21433
55.392,0.35638,0.60031,0.0,6,AVANZAR,0.32362,2.21626
55.424,0.35831,0.60031,0.0,6,AVANZAR,0.32169,2.21819
55.456,0.36025,0.60031,0.0,6,AVANZAR,0.31975,2.22012
55.488,0.36218,0.60031,0.0,6,AVANZAR,0.31782,2.22205
55.52,0.36411,0.60031,0.0,6,AVANZAR,0.31589,2.22398
55.552,0.36597,0.60031,0.00248,6,AVANZAR,0.31403,2.22585
55.584,0.36791,0.60031,0.00248,6,AVANZAR,0.31209,2.22778
55.616,0.36977,0.60032,0.0,6,AVANZAR,0.31023,2.22965
55.648,0.3717,0.60032,0.0,6,AVANZAR,0.3083,2.23158
55.68,0.37363,0.60032,0.0,6,AVANZAR,0.30637,2.23351
55.712,0.37557,0.60032,-0.0,6,AVANZAR,0.30443,2.23544
55.744,0.3775,0.60032,-0.0,6,AVANZAR,0.3025,2.23737
55.776,0.37943,0.60032,-0.0,6,AVANZAR,0.30057,2.2393
55.808,0.38136,0.60032,-0.0,6,AVANZAR,0.29864,2.24123
55.84,0.38329,0.60032,-0.0,6,AVANZAR,0.29671,2.24317
55.872,0.38516,0.60032,0.00248,6,AVANZAR,0.29484,2.24503
55.904,0.38709,0.60032,0.00248,6,AVANZAR,0.29291,2.24696
55.936,0.38895,0.60032,-0.0,6,AVANZAR,0.29105,2.24883
55.968,0.39089,0.60032,-0.0,6,AVANZAR,0.28911,2.25076
56.0,0.39282,0.60032,-0.0,6,AVANZAR,0.28718,2.25269
56.032,0.39475,0.60032,-0.0,6,AVANZAR,0.28525,2.25462
56.064,0.39668,0.60032,-0.0,6,AVANZAR,0.28332,2.25655
56.096,0.39861,0.60032,-0.0,6,AVANZAR,0.28139,2.25849
56.128,0.40054,0.60032,-0.0,6,AVANZAR,0.27946,2.26042
56.16,0.40247,0.60032,-0.0,6,AVANZAR,0.27753,2.26235
56.192,0.40434,0.60033,0.00248,6,AVANZAR,0.27566,2.26421
56.224,0.40627,0.60033,0.00248,6,AVANZAR,0.27373,2.26615
56.256,0.40814,0.60033,-0.0,6,AVANZAR,0.27186,2.26801
56.288,0.41007,0.60033,-0.0,6,AVANZAR,0.26993,2.26994
56.32,0.412,0.60033,-0.0,6,AVANZAR,0.268,2.27187
56.352,0.41393,0.60033,0.0,6,AVANZAR,0.26607,2.27381
56.384,0.41586,0.60033,0.0,6,AVANZAR,0.26414,2.27574
56.416,0.41779,0.60033,0.0,6,AVANZAR,0.26221,2.27767
56.448,0.41972,0.60033,0.0,6,AVANZAR,0.26028,2.2796
56.48,0.42165,0.60033,0.0,6,AVANZAR,0.25835,2.28153
56.512,0.42359,0.60033,0.0,6,AVANZAR,0.25641,2.28346
56.544,0.42545,0.60034,0.00248,6,AVANZAR,0.25455,2.28533
56.576,0.42738,0.60034,0.00248,6,AVANZAR,0.25262,2.28726
56.608,0.42925,0.60034,0.0,6,AVANZAR,0.25075,2.28913
56.64,0.43118,0.60034,0.0,6,AVANZAR,0.24882,2.29106
56.672,0.43311,0.60034,0.0,6,AVANZAR,0.24689,2.29299
56.704,0.43504,0.60034,0.0,6,AVANZAR,0.24496,2.29492
56.736,0.43697,0.60034,0.0,6,AVANZAR,0.24303,2.29685
56.768,0.43891,0.60034,0.0,6,AVANZAR,0.24109,2.29878
56.8,0.44084,0.60034,0.0,6,AVANZAR,0.23916,2.30071
56.832,0.44277,0.60034,0.0,6,AVANZAR,0.23723,2.30264
56.864,0.44463,0.60035,0.00248,6,AVANZAR,0.23537,2.30451
56.896,0.44657,0.60035,0.00248,6,AVANZAR,0.23343,2.30644
56.928,0.44843,0.60035,0.0,6,AVANZAR,0.23157,2.30831
56.96,0.45036,0.60035,0.0,6,AVANZAR,0.22964,2.31024
56.992,0.45229,0.60035,0.0,6,AVANZAR,0.22771,2.31217
57.024,0.45423,0.60035,-0.0,6,AVANZAR,0.22577,2.3141
57.056,0.45616,0.60035,-0.0,6,AVANZAR,0.22384,2.31603
57.088,0.45809,0.60035,-0.0,6,AVANZAR,0.22191,2.31796
57.12,0.46002,0.60035,-0.0,6,AVANZAR,0.21998,2.31989
57.152,0.46195,0.60035,-0.0,6,AVANZAR,0.21805,2.32183
57.184,0.46382,0.60036,0.00248,6,AVANZAR,0.21618,2.32369
57.216,0.46575,0.60036,0.00248,6,AVANZAR,0.21425,2.32562
57.248,0.46761,0.60036,-0.0,6,AVANZAR,0.21239,2.32749
57.28,0.46955,0.60036,-0.0,6,AVANZAR,0.21045,2.32942
57.312,0.47148,0.60036,-0.0,6,AVANZAR,0.20852,2.33135
57.344,0.47341,0.60036,-0.0,6,AVANZAR,0.20659,2.33328
57.376,0.47534,0.60036,-0.0,6,AVANZAR,0.20466,2.33521
57.408,0.47727,0.60036,-0.0,6,AVANZAR,0.20273,2.33715
57.44,0.4792,0.60036,-0.0,6,AVANZAR,0.2008,2.33908
57.472,0.48113,0.60036,-0.0,6,AVANZAR,0.19887,2.34101
57.504,0.483,0.60036,0.00248,6,AVANZAR,0.197,2.34287
57.536,0.48493,0.60037,0.00248,6,AVANZAR,0.19507,2.34481
57.568,0.4868,0.60037,-0.0,6,AVANZAR,0.1932,2.34667
57.6,0.48873,0.60037,-0.0,6,AVANZAR,0.19127,2.3486
57.632,0.49066,0.60037,-0.0,6,AVANZAR,0.18934,2.35053
57.664,0.49259,0.60037,0.0,6,AVANZAR,0.18741,2.35247
57.696,0.49452,0.60037,0.0,6,AVANZAR,0.18548,2.3544
57.728,0.49645,0.60037,0.0,6,AVANZAR,0.18355,2.35633
57.76,0.49838,0.60037,0.0,6,AVANZAR,0.18162,2.35826
57.792,0.50031,0.60037,0.0,6,AVANZAR,0.17969,2.36019
57.824,0.50225,0.60037,0.0,6,AVANZAR,0.17775,2.36212
57.856,0.50411,0.60037,0.00248,6,AVANZAR,0.17589,2.36399
57.888,0.50604,0.60038,0.00248,6,AVANZAR,0.17396,2.36592
57.92,0.50791,0.60038,0.0,6,AVANZAR,0.17209,2.36779
57.952,0.50984,0.60038,0.0,6,AVANZAR,0.17016,2.36972
57.984,0.51177,0.60038,0.0,6,AVANZAR,0.16823,2.37165
58.016,0.5137,0.60038,0.0,6,AVANZAR,0.1663,2.37358
58.048,0.51563,0.60038,0.0,6,AVANZAR,0.16437,2.37551
58.08,0.51757,0.60038,0.0,6,AVANZAR,0.16243,2.37744
58.112,0.5195,0.60038,0.0,6,AVANZAR,0.1605,2.37937
58.144,0.52143,0.60038,-0.0,6,AVANZAR,0.15857,2.3813
58.176,0.52329,0.60038,0.00248,6,AVANZAR,0.15671,2.38317
58.208,0.52523,0.60039,0.00248,6,AVANZAR,0.15477,2.3851
58.24,0.52709,0.60039,0.0,6,AVANZAR,0.15291,2.38697
58.272,0.52902,0.60039,0.0,6,AVANZAR,0.15098,2.3889
58.304,0.53095,0.60039,0.0,6,AVANZAR,0.14905,2.39083
58.336,0.53289,0.60039,-0.0,6,AVANZAR,0.14711,2.39276
58.368,0.53482,0.60039,-0.0,6,AVANZAR,0.14518,2.39469
58.4,0.53675,0.60039,-0.0,6,AVANZAR,0.14325,2.39662
58.432,0.53868,0.60039,-0.0,6,AVANZAR,0.14132,2.39855
58.464,0.54061,0.60039,-0.0,6,AVANZAR,0.13939,2.40049
58.496,0.54248,0.60039,0.00248,6,AVANZAR,0.13752,2.40235
58.528,0.54441,0.6004,0.00248,6,AVANZAR,0.13559,2.40428
58.56,0.54627,0.6004,-0.0,6,AVANZAR,0.13373,2.40615
58.592,0.54821,0.6004,-0.0,6,AVANZAR,0.13179,2.40808
58.624,0.55014,0.6004,-0.0,6,AVANZAR,0.12986,2.41001
58.656,0.55207,0.6004,-0.0,6,AVANZAR,0.12793,2.41194
58.688,0.554,0.6004,-0.0,6,AVANZAR,0.126,2.41388
58.72,0.55593,0.6004,-0.0,6,AVANZAR,0.12407,2.41581
58.752,0.55786,0.6004,-0.0,6,AVANZAR,0.12214,2.41774
58.784,0.55979,0.6004,0.0,6,AVANZAR,0.12021,2.41967
58.816,0.56172,0.6004,0.0,6,AVANZAR,0.11828,2.4216
58.848,0.56359,0.6004,0.00248,6,AVANZAR,0.11641,2.42347
58.88,0.56552,0.60041,0.00248,6,AVANZAR,0.11448,2.4254
58.912,0.56739,0.60041,-0.0,6,AVANZAR,0.11261,2.42726
58.944,0.56932,0.60041,-0.0,6,AVANZAR,0.11068,2.4292
58.976,0.57125,0.60041,0.0,6,AVANZAR,0.10875,2.43113
59.008,0.57318,0.60041,0.0,6,AVANZAR,0.10682,2.43306
59.04,0.57511,0.60041,0.0,6,AVANZAR,0.10489,2.43499
59.072,0.57704,0.60041,0.0,6,AVANZAR,0.10296,2.43692
59.104,0.57897,0.60041,0.0,6,AVANZAR,0.10103,2.43885
59.136,0.58091,0.60041,0.0,6,AVANZAR,0.09909,2.44078
59.168,0.58277,0.60041,0.00248,6,AVANZAR,0.09723,2.44265
59.2,0.5847,0.60042,0.00248,6,AVANZAR,0.0953,2.44458
59.232,0.58657,0.60042,0.0,6,AVANZAR,0.09343,2.44645
59.264,0.5885,0.60042,0.0,6,AVANZAR,0.0915,2.44838
59.296,0.59043,0.60042,0.0,6,AVANZAR,0.08957,2.45031
59.328,0.59236,0.60042,0.0,6,AVANZAR,0.08764,2.45224
59.36,0.59429,0.60042,0.0,6,AVANZAR,0.08571,2.45417
59.392,0.59623,0.60042,0.0,6,AVANZAR,0.08377,2.4561
59.424,0.59816,0.60042,0.0,6,AVANZAR,0.08184,2.45803
59.456,0.60009,0.60042,-0.0,6,AVANZAR,0.07991,2.45996
59.488,0.60195,0.60042,0.00248,6,AVANZAR,0.07805,2.46183
59.52,0.60389,0.60043,0.00248,6,AVANZAR,0.07611,2.46376
59.552,0.60575,0.60043,0.0,6,AVANZAR,0.07425,2.46563
59.584,0.60768,0.60043,0.0,6,AVANZAR,0.07232,2.46756
59.616,0.60955,0.60043,0.00248,6,AVANZAR,0.07045,2.46943
59.648,0.61135,0.60044,0.00248,6,AVANZAR,0.06865,2.47123
59.68,0.61309,0.60044,-0.0,6,AVANZAR,0.06691,2.47297
59.712,0.61483,0.60044,0.00248,6,AVANZAR,0.06517,2.4747
59.744,0.61644,0.60044,-0.0,6,AVANZAR,0.06356,2.47631
59.776,0.61811,0.60044,0.0,6,AVANZAR,0.06189,2.47799
59.808,0.61966,0.60044,-0.0,6,AVANZAR,0.06034,2.47953
59.84,0.6212,0.60044,-0.0,6,AVANZAR,0.0588,2.48108
59.872,0.62275,0.60044,0.0,6,AVANZAR,0.05725,2.48262
59.904,0.62416,0.60044,0.0,6,AVANZAR,0.05584,2.48404
59.936,0.62564,0.60044,0.00248,6,AVANZAR,0.05436,2.48552
59.968,0.62699,0.60044,-0.0,6,AVANZAR,0.05301,2.48687
60.0,0.62841,0.60044,-0.0,6,AVANZAR,0.05159,2.48829
60.032,0.6297,0.60044,-0.0,6,AVANZAR,0.0503,2.48957
60.064,0.63099,0.60044,0.0,6,AVANZAR,0.04901,2.49086
60.096,0.63227,0.60044,0.0,6,AVANZAR,0.04773,2.49215
60.128,0.63343,0.60044,0.0,6,AVANZAR,0.04657,2.49331
60.16,0.63465,0.60045,0.00248,6,AVANZAR,0.04535,2.49453
60.192,0.63581,0.60045,0.00248,6,AVANZAR,0.04419,2.49569
60.224,0.63691,0.60045,-0.0,6,AVANZAR,0.04309,2.49678
60.256,0.63807,0.60045,0.0,6,AVANZAR,0.04193,2.49794
60.288,0.6391,0.60045,0.0,6,AVANZAR,0.0409,2.49897
60.32,0.64019,0.60045,0.00248,6,AVANZAR,0.03981,2.50007
60.352,0.64116,0.60045,0.0,6,AVANZAR,0.03884,2.50103
60.384,0.64219,0.60045,0.0,6,AVANZAR,0.03781,2.50206
60.416,0.64315,0.60045,0.00248,6,AVANZAR,0.03685,2.50303
60.448,0.64412,0.60046,0.0,6,AVANZAR,0.03588,2.50399
60.48,0.64502,0.60046,0.0,6,AVANZAR,0.03498,2.50489
60.512,0.64592,0.60046,0.0,6,AVANZAR,0.03408,2.5058
60.544,0.64682,0.60046,0.0,6,AVANZAR,0.03318,2.5067
60.576,0.64759,0.60046,0.0,6,AVANZAR,0.03241,2.50747
60.608,0.64849,0.60046,0.0,6,AVANZAR,0.03151,2.50837
60.64,0.64927,0.60046,0.0,6,AVANZAR,0.03073,2.50914
60.672,0.65004,0.60046,0.0,6,AVANZAR,0.02996,2.50992
60.704,0.65081,0.60046,0.0,6,AVANZAR,0.02919,2.51069
60.736,0.65158,0.60046,0.0,6,AVANZAR,0.02842,2.51146
60.768,0.65229,0.60046,0.00248,6,AVANZAR,0.02771,2.51217
60.8,0.653,0.60046,0.0,6,AVANZAR,0.027,2.51288
60.832,0.65371,0.60046,0.00248,6,AVANZAR,0.02629,2.51358
60.864,0.65442,0.60046,0.0,6,AVANZAR,0.02558,2.51429
60.896,0.65506,0.60046,0.0,6,AVANZAR,0.02494,2.51494
60.928,0.6557,0.60046,0.0,6,AVANZAR,0.0243,2.51558
60.96,0.65628,0.60046,0.00248,6,AVANZAR,0.02372,2.51616
60.992,0.65686,0.60046,0.0,6,AVANZAR,0.02314,2.51674
61.024,0.65751,0.60046,0.0,6,AVANZAR,0.02249,2.51738
61.056,0.65802,0.60046,0.0,6,AVANZAR,0.02198,2.5179
61.088,0.65866,0.60046,0.0,6,AVANZAR,0.02134,2.51854
61.12,0.65918,0.60046,0.0,6,AVANZAR,0.02082,2.51906
61.152,0.65969,0.60046,0.0,6,AVANZAR,0.02031,2.51957
61.184,0.66021,0.60046,0.0,6,AVANZAR,0.01979,2.52009
61.216,0.66072,0.60046,0.0,6,AVANZAR,0.01928,2.5206
61.248,0.66124,0.60046,0.0,6,AVANZAR,0.01876,2.52112
61.28,0.66175,0.60046,0.0,6,AVANZAR,0.01825,2.52163
61.312,0.66214,0.60046,0.0,6,AVANZAR,0.01786,2.52202
61.344,0.66266,0.60046,0.0,6,AVANZAR,0.01734,2.52253
61.376,0.66304,0.60046,0.0,6,AVANZAR,0.01696,2.52292
61.408,0.66356,0.60046,0.0,6,AVANZAR,0.01644,2.52343
61.44,0.66394,0.60046,0.0,6,AVANZAR,0.01606,2.52382
61.472,0.66433,0.60046,0.0,6,AVANZAR,0.01567,2.52421
61.504,0.66472,0.60046,0.0,6,AVANZAR,0.01528,2.52459
61.536,0.6651,0.60046,0.0,6,AVANZAR,0.0149,2.52498
61.568,0.66549,0.60046,0.0,6,AVANZAR,0.01451,2.52536
61.6,0.66587,0.60046,0.0,6,AVANZAR,0.01413,2.52575
61.632,0.66626,0.60046,0.0,6,AVANZAR,0.01374,2.52614
61.664,0.66665,0.60046,0.0,6,AVANZAR,0.01335,2.52652
61.696,0.6669,0.60046,0.0,6,AVANZAR,0.0131,2.52678
61.728,0.66729,0.60046,0.0,6,AVANZAR,0.01271,2.52717
61.76,0.66761,0.60046,0.00248,6,AVANZAR,0.01239,2.52749
61.792,0.66793,0.60046,0.0,6,AVANZAR,0.01207,2.52781
61.824,0.66819,0.60046,0.0,6,AVANZAR,0.01181,2.52807
61.856,0.66858,0.60046,0.0,6,AVANZAR,0.01142,2.52845
61.888,0.66884,0.60046,0.0,6,AVANZAR,0.01116,2.52871
61.92,0.66909,0.60046,0.0,6,AVANZAR,0.01091,2.52897
61.952,0.66935,0.60046,0.0,6,AVANZAR,0.01065,2.52923
61.984,0.66967,0.60046,0.00248,6,AVANZAR,0.01033,2.52955
62.016,0.66993,0.60046,0.00248,6,AVANZAR,0.01007,2.52981
62.048,0.67019,0.60046,0.00248,6,AVANZAR,0.00981,2.53006
62.08,0.67044,0.60046,0.00248,6,AVANZAR,0.00956,2.53032
62.112,0.67064,0.60046,0.0,6,AVANZAR,0.00936,2.53051
62.144,0.6709,0.60046,0.0,6,AVANZAR,0.0091,2.53077
62.176,0.67115,0.60046,0.0,6,AVANZAR,0.00885,2.53103
62.208,0.67141,0.60046,0.0,6,AVANZAR,0.00859,2.53129
62.24,0.6716,0.60046,0.00248,6,AVANZAR,0.0084,2.53148
62.272,0.6718,0.60046,0.0,6,AVANZAR,0.0082,2.53167
62.304,0.67205,0.60046,0.0,6,AVANZAR,0.00795,2.53193
62.336,0.67218,0.60046,0.0,6,AVANZAR,0.00782,2.53206
62.368,0.67244,0.60046,0.0,6,AVANZAR,0.00756,2.53232
62.4,0.67263,0.60046,0.00248,6,AVANZAR,0.00737,2.53251
62.432,0.67283,0.60046,0.0,6,AVANZAR,0.00717,2.5327
62.464,0.67295,0.60046,0.0,6,AVANZAR,0.00705,2.53283
62.496,0.67321,0.60046,0.0,6,AVANZAR,0.00679,2.53309
62.528,0.67334,0.60046,0.0,6,AVANZAR,0.00666,2.53322
62.56,0.67347,0.60046,0.0,6,AVANZAR,0.00653,2.53335
62.592,0.67373,0.60046,0.0,6,AVANZAR,0.00627,2.5336
62.624,0.67386,0.60046,0.0,6,AVANZAR,0.00614,2.53373
62.656,0.67398,0.60046,0.0,6,AVANZAR,0.00602,2.53386
62.688,0.67411,0.60046,0.0,6,AVANZAR,0.00589,2.53399
62.72,0.67431,0.60047,0.00248,6,AVANZAR,0.00569,2.53418
62.752,0.6745,0.60047,0.0,6,AVANZAR,0.0055,2.53438
62.784,0.67463,0.60047,0.0,6,AVANZAR,0.00537,2.5345
62.816,0.67476,0.60047,0.0,6,AVANZAR,0.00524,2.53463
62.848,0.67489,0.60047,0.0,6,AVANZAR,0.00511,2.53476
62.88,0.68,0.60047,0.0,6,FIN,0.00499,2.53489
62.912,0.68,0.60047,0.0,6,FIN,0.00499,2.53489
62.944,0.68,0.60047,0.0,6,FIN,0.00499,2.53489
62.976,0.68,0.60047,0.0,6,FIN,0.00499,2.53489
63.008,0.68,0.60047,0.0,6,FIN,0.00499,2.53489
63.04,0.68,0.60047,0.0,6,FIN,0.00499,2.53489
63.072,0.68,0.60047,0.0,6,FIN,0.00499,2.53489
63.104,0.68,0.60047,0.0,6,FIN,0.00499,2.53489
63.136,0.68,0.60047,0.0,6,FIN,0.00499,2.53489
63.168,0.68,0.60047,0.0,6,FIN,0.00499,2.53489
63.2,0.68,0.60047,0.0,6,FIN,0.00499,2.53489
63.232,0.68,0.60047,0.0,6,FIN,0.00499,2.53489
63.264,0.68,0.60047,0.0,6,FIN,0.00499,2.53489
63.296,0.68,0.60047,0.0,6,FIN,0.00499,2.53489
63.328,0.68,0.60047,0.0,6,FIN,0.00499,2.53489
63.36,0.68,0.60047,0.0,6,FIN,0.00499,2.53489
63.392,0.68,0.60047,0.0,6,FIN,0.00499,2.53489
63.424,0.68,0.60047,0.0,6,FIN,0.00499,2.53489
63.456,0.68,0.60047,0.0,6,FIN,0.00499,2.53489
63.488,0.68,0.60047,0.0,6,FIN,0.00499,2.53489
63.52,0.68,0.60047,0.0,6,FIN,0.00499,2.53489
63.552,0.68,0.60047,0.0,6,FIN,0.00499,2.53489
63.584,0.68,0.60047,0.0,6,FIN,0.00499,2.53489
63.616,0.68,0.60047,0.0,6,FIN,0.00499,2.53489
63.648,0.68,0.60047,0.0,6,FIN,0.00499,2.53489
63.68,0.68,0.60047,0.0,6,FIN,0.00499,2.53489
63.712,0.68,0.60047,0.0,6,FIN,0.00499,2.53489
63.744,0.68,0.60047,0.0,6,FIN,0.00499,2.53489
63.776,0.68,0.60047,0.0,6,FIN,0.00499,2.53489
63.808,0.68,0.60047,0.0,6,FIN,0.00499,2.53489
63.84,0.68,0.60047,0.0,6,FIN,0.00499,2.53489
63.872,0.68,0.60047,0.0,6,FIN,0.00499,2.53489
63.904,0.68,0.60047,0.0,6,FIN,0.00499,2.53489
63.936,0.68,0.60047,0.0,6,FIN,0.00499,2.53489
63.968,0.68,0.60047,0.0,6,FIN,0.00499,2.53489
64.0,0.68,0.60047,0.0,6,FIN,0.00499,2.53489
64.032,0.68,0.60047,0.0,6,FIN,0.00499,2.53489
64.064,0.68,0.60047,0.0,6,FIN,0.00499,2.53489
64.096,0.68,0.60047,0.0,6,FIN,0.00499,2.53489
64.128,0.68,0.60047,0.0,6,FIN,0.00499,2.53489
64.16,0.68,0.60047,0.0,6,FIN,0.00499,2.53489
64.192,0.68,0.60047,0.0,6,FIN,0.00499,2.53489
64.224,0.68,0.60047,0.0,6,FIN,0.00499,2.53489
64.256,0.68,0.60047,0.0,6,FIN,0.00499,2.53489
64.288,0.68,0.60047,0.0,6,FIN,0.00499,2.53489
64.32,0.68,0.60047,0.0,6,FIN,0.00499,2.53489
64.352,0.68,0.60047,0.0,6,FIN,0.00499,2.53489
64.384,0.68,0.60047,0.0,6,FIN,0.00499,2.53489
64.416,0.68,0.60047,0.0,6,FIN,0.00499,2.53489
64.448,0.68,0.60047,0.0,6,FIN,0.00499,2.53489
64.48,0.68,0.60047,0.0,6,FIN,0.00499,2.53489
64.512,0.68,0.60047,0.0,6,FIN,0.00499,2.53489
64.544,0.68,0.60047,0.0,6,FIN,0.00499,2.53489
64.576,0.68,0.60047,0.0,6,FIN,0.00499,2.53489
64.608,0.68,0.60047,0.0,6,FIN,0.00499,2.53489
64.64,0.68,0.60047,0.0,6,FIN,0.00499,2.53489
64.672,0.68,0.60047,0.0,6,FIN,0.00499,2.53489
64.704,0.68,0.60047,0.0,6,FIN,0.00499,2.53489
64.736,0.68,0.60047,0.0,6,FIN,0.00499,2.53489
64.768,0.68,0.60047,0.0,6,FIN,0.00499,2.53489
64.8,0.68,0.60047,0.0,6,FIN,0.00499,2.53489
64.832,0.68,0.60047,0.0,6,FIN,0.00499,2.53489
64.864,0.68,0.60047,0.0,6,FIN,0.00499,2.53489
64.896,0.68,0.60047,0.0,6,FIN,0.00499,2.53489
64.928,0.68,0.60047,0.0,6,FIN,0.00499,2.53489
64.96,0.68,0.60047,0.0,6,FIN,0.00499,2.53489
64.992,0.68,0.60047,0.0,6,FIN,0.00499,2.53489
65.024,0.68,0.60047,0.0,6,FIN,0.00499,2.53489
65.056,0.68,0.60047,0.0,6,FIN,0.00499,2.53489
65.088,0.68,0.60047,0.0,6,FIN,0.00499,2.53489
65.12,0.68,0.60047,0.0,6,FIN,0.00499,2.53489
65.152,0.68,0.60047,0.0,6,FIN,0.00499,2.53489
65.184,0.68,0.60047,0.0,6,FIN,0.00499,2.53489
65.216,0.68,0.60047,0.0,6,FIN,0.00499,2.53489
65.248,0.68,0.60047,0.0,6,FIN,0.00499,2.53489
65.28,0.68,0.60047,0.0,6,FIN,0.00499,2.53489
65.312,0.68,0.60047,0.0,6,FIN,0.00499,2.53489
65.344,0.68,0.60047,0.0,6,FIN,0.00499,2.53489
65.376,0.68,0.60047,0.0,6,FIN,0.00499,2.53489
65.408,0.68,0.60047,0.0,6,FIN,0.00499,2.53489
65.44,0.68,0.60047,0.0,6,FIN,0.00499,2.53489
